<?xml version="1.0" encoding="UTF-8"?>
<!-- Foundation -->
<window type="dialog" id="1194">
    <backgroundcolor>Background</backgroundcolor>
    <defaultcontrol always="true">9000</defaultcontrol>

    <controls>
        <control type="group">
            <include>Animation_SlideIn_Bounce</include>
            <include>Animation_FadeOut</include>
            <centerleft>50%</centerleft>
            <width>1792</width>
            <bottom>100</bottom>
            <height>676</height>
            <include>Dialog_Background</include>
            <include content="Dialog_Top_IconHeader">
                <param name="label" value="$LOCALIZE[31173]" />
                <param name="icon" value="special://skin/extras/icons/settings.png" />
            </include>
            <control type="group">
                <right>side</right>
                <bottom>side</bottom>
                <width>1024</width>
                <height>576</height>
                <include>Object_Background</include>
                <control type="image">
                    <aspectratio>scale</aspectratio>
                    <texture background="true" fallback="DefaultAddon.png">$INFO[Container(9000).ListItem.Icon]</texture>
                </control>
            </control>

            <control type="group">
                <left>side</left>
                <bottom>side</bottom>
                <width>708</width>
                <height>576</height>
                <include>Object_Background</include>
            </control>
            <control type="list" id="9000">
                <bottom>side</bottom>
                <onleft>8000</onleft>
                <onright>8000</onright>
                <left>pad</left>
                <width>728</width>
                <height>576</height>
                <orientation>vertical</orientation>
                <itemlayout height="96" width="728">
                    <control type="group">
                        <left>pad</left>
                        <right>pad</right>
                        <control type="image">
                            <top>pad</top>
                            <bottom>pad</bottom>
                            <left>pad</left>
                            <width>300</width>
                            <aspectratio align="left">keep</aspectratio>
                            <texture>$INFO[ListItem.Icon]</texture>
                        </control>
                        <control type="label">
                            <height>100%</height>
                            <left>170</left>
                            <align>left</align>
                            <aligny>center</aligny>
                            <font>Font-ListInfo-Small-Bold</font>
                            <label>$INFO[ListItem.Label]</label>
                        </control>
                    </control>
                </itemlayout>
                <focusedlayout height="96" width="728">
                    <control type="group">
                        <left>pad</left>
                        <right>pad</right>
                        <control type="image">
                            <visible>!Control.HasFocus(9000)</visible>
                            <texture colordiffuse="PosterBorder">common/white.png</texture>
                        </control>
                        <control type="image">
                            <visible>!Control.HasFocus(9000)</visible>
                            <aspectratio>center</aspectratio>
                            <texture colordiffuse="PosterBorder">common/selected.png</texture>
                        </control>
                        <control type="image">
                            <visible>Control.HasFocus(9000)</visible>
                            <texture colordiffuse="$VAR[HighlightColor]">common/white.png</texture>
                        </control>

                        <control type="image">
                            <top>pad</top>
                            <bottom>pad</bottom>
                            <left>pad</left>
                            <width>300</width>
                            <aspectratio align="left">keep</aspectratio>
                            <texture>$INFO[ListItem.Icon]</texture>
                        </control>
                        <control type="label">
                            <height>100%</height>
                            <left>170</left>
                            <align>left</align>
                            <aligny>center</aligny>
                            <textcolor>Selected</textcolor>
                            <font>Font-ListInfo-Small-Bold</font>
                            <label>$INFO[ListItem.Label]</label>
                        </control>
                    </control>
                </focusedlayout>
                <content>
                    <!-- Beveled -->
                    <item>
                        <label>31636</label>
                        <icon>special://skin/extras/viewthumbs/home_beveled_default.jpg</icon>
                        <onclick>Close</onclick>
						<onclick>ReloadSkin()</onclick> 
                        <onclick>Skin.SetString(HomeStyle,beveled)</onclick>
                    </item>
                    <!-- Empty Beveled -->
                    <item>
                        <label>31668</label>
                        <icon>special://skin/extras/viewthumbs/home_emptybeveled_default.jpg</icon>
                        <onclick>Close</onclick>
						<onclick>ReloadSkin()</onclick> 
                        <onclick>Skin.SetString(HomeStyle,emptybeveled)</onclick>
                    </item>
                    <!-- Rounded -->
                    <item>
                        <label>31664</label>
                        <icon>special://skin/extras/viewthumbs/home_rounded_default.jpg</icon>
                        <onclick>Close</onclick>
						<onclick>ReloadSkin()</onclick> 
                        <onclick>Skin.SetString(HomeStyle,rounded)</onclick>
                    </item>
                    <!-- Empty Rounded-->
                    <item>
                        <label>31667</label>
                        <icon>special://skin/extras/viewthumbs/home_emptyrounded_default.jpg</icon>
                        <onclick>Close</onclick>
						<onclick>ReloadSkin()</onclick> 
                        <onclick>Skin.SetString(HomeStyle,emptyrounded)</onclick>						
                    </item>
                    <!-- Squared -->
                    <item>
                        <label>31502</label>
                        <icon>special://skin/extras/viewthumbs/home_squared_default.jpg</icon>
                        <onclick>Close</onclick>
						<onclick>ReloadSkin()</onclick> 
                        <onclick>Skin.SetString(HomeStyle,squared)</onclick>
                    </item>
                    <!-- Empty Squared -->
                    <item>
                        <label>31666</label>
                        <icon>special://skin/extras/viewthumbs/home_emptysquared_default.jpg</icon>
                        <onclick>Close</onclick>
						<onclick>ReloadSkin()</onclick> 
                        <onclick>Skin.SetString(HomeStyle,emptysquared)</onclick>
                    </item>
                    <!-- Circle -->
                    <item>
                        <label>31501</label>
                        <icon>special://skin/extras/viewthumbs/home_circle_default.jpg</icon>
                        <onclick>Close</onclick>
						<onclick>ReloadSkin()</onclick> 
                        <onclick>Skin.SetString(HomeStyle,circle)</onclick>
                    </item>
                    <!-- Empty Circle -->
                    <item>
                        <label>31665</label>
                        <icon>special://skin/extras/viewthumbs/home_emptycircle_default.jpg</icon>
                        <onclick>Close</onclick>
						<onclick>ReloadSkin()</onclick> 
                        <onclick>Skin.SetString(HomeStyle,emptycircle)</onclick>
                    </item>
                    <!-- Icons Only -->
                    <item>
                        <label>31709</label>
                        <icon>special://skin/extras/viewthumbs/home_iconsonly_default.jpg</icon>
                        <onclick>Close</onclick>
						<onclick>ReloadSkin()</onclick> 
                        <onclick>Skin.SetString(HomeStyle,iconsonly)</onclick>
                    </item>
                    <!-- Text In Tile -->
                    <item>
                        <label>31181</label>
                        <icon>special://skin/extras/viewthumbs/home_textintile_default.jpg</icon>
                        <onclick>Close</onclick>
						<onclick>ReloadSkin()</onclick> 
                        <onclick>Skin.SetString(HomeStyle,textintile)</onclick>					
                    </item>
                    <!-- Text Only -->
                    <item>
                        <label>31182</label>
                        <icon>special://skin/extras/viewthumbs/home_textonly_default.jpg</icon>
                        <onclick>Close</onclick>
						<onclick>ReloadSkin()</onclick> 
                        <onclick>Skin.SetString(HomeStyle,textonly)</onclick>					
                    </item>
                    <!-- Vertical -->
                    <item>
                        <label>$LOCALIZE[31817]</label>
                        <icon>special://skin/extras/viewthumbs/home_vertical_default.jpg</icon>
                        <onclick>Close</onclick>
						<onclick>ReloadSkin()</onclick>
                        <onclick>Skin.SetString(HomeStyle,vertical)</onclick>
                    </item>
                </content>
            </control>
            <!-- Button grouplist -->
            <control type="grouplist" id="8000">
                <animation effect="slide" start="0" end="-586" time="0" condition="Control.IsVisible(3)">Conditional</animation>
                <right>side</right>
                <top>pad</top>
                <align>right</align>
                <height>60</height>
                <onleft>9000</onleft>
                <onright>9000</onright>
                <onup>9000</onup>
                <ondown>9000</ondown>
                <orientation>horizontal</orientation>
                <itemgap>pad</itemgap>
                <!-- Cancel -->
                <control type="button" id="8001">
                    <width>auto</width>
                    <height>100%</height>
                    <align>right</align>
                    <label>222</label>
                    <texturenofocus></texturenofocus>
                    <texturefocus></texturefocus>
                    <focusedcolor>$VAR[HighlightColor]</focusedcolor>
                    <include>Defs_OptionButton</include>
                    <onclick>Close</onclick>
                </control>
                
            </control>
        </control>
    </controls>
</window>
