<?xml version="1.0" encoding="UTF-8"?>
<addon
    id="skin.eminence.2.mod"
    version="3.0.2"
    name="Eminence 2 MOD"
    provider-name="jurialmunkey - Mod by Guilouz - Mod by Alanon">
    <requires>
        <import addon="xbmc.gui" version="5.13.0"/>
        <import addon="script.skinshortcuts" version="1.0.18"/>
        <import addon="script.skin.helper.service" version="1.1.23"/>
		<import addon="script.skin.helper.widgets" version="1.0.35"/>
		<import addon="script.skin.helper.colorpicker" version="1.0.12"/>
        <import addon="script.extendedinfo" version="5.0.0"/>
        <import addon="script.image.resource.select" version="0.0.5"/>
        <import addon="plugin.program.autocompletion" version="1.0.1"/>
    </requires>
    <extension point="xbmc.gui.skin" effectslowdown="1.00" debugging="false">
        <res width="1920" height="1080" aspect="16:9" default="true" folder="16x9" />
    </extension>
    <extension point="xbmc.addon.metadata">
        <platform>all</platform>
        <summary lang="en">Clean, clear, simple, modern.</summary>
        <summary lang="fr">Clair, simple et moderne.</summary>
        <description lang="en">Eminence is a skin that aims to be clean, clear, simple and modern.</description>
        <description lang="fr">Eminence est un thème qui vise à être clair, simple et moderne.</description>
		<assets>
		 	<icon>icon.png</icon>
 			<fanart>fanart.jpg</fanart>
			<screenshot>extras/viewthumbs/56.jpg</screenshot>
 			<screenshot>extras/viewthumbs/521.jpg</screenshot>
 			<screenshot>extras/viewthumbs/600.jpg</screenshot>
 			<screenshot>extras/viewthumbs/506.jpg</screenshot>
 			<screenshot>extras/viewthumbs/52.jpg</screenshot>
 			<screenshot>extras/viewthumbs/159.jpg</screenshot>
		</assets>	
		<news> Changelog:
		
		[B]3.0.2[/B]
		1. Fixed weather animated icons.
		2. Alphabet scrollbar fixes.
		3. Reimplemented Netflix backend fonts.
		
		[B]3.0.1[/B]
		1. Small infoline corrections.
		2. Removed a redundant setting.
		3. Bypass menu selection crash.
		4. Replaced country flags.
		5. Support for ExtendedInfo forks.		
		
		[B]3.0[/B]
		1. First Leia version.
		</news>
	</extension>
</addon>
