<?xml version="1.0" encoding="UTF-8"?>
<window>
    <allowoverlay>no</allowoverlay>
    <zorder>1</zorder>
    <controls>
        <control type="group">
            <include>Animation_FadeIn</include>
            <include>Animation_FadeOut</include>
            <control type="group">           
				<control type="image">
                    <width>1920</width>
                    <height>490</height>
                    <posx>0</posx>
                    <posy>0</posy>
					<texture colordiffuse="PosterBorder">common/script-lyrics.png</texture>
					<visible>!Skin.HasSetting(manfeedlyrics)</visible>
				</control>       
				<control type="image">
                    <width>1920</width>
                    <height>490</height>
                    <posx>0</posx>
                    <posy>0</posy>
					<texture colordiffuse="PosterBorder">common/script-lyrics.png</texture>
					<visible>!Skin.HasSetting(manfeedlyrics)</visible>
				</control>
                <control type="group">               
                    <top>20</top>                    
                    <bottom>645</bottom>
                    <width>100%</width>
                    <!-- ** Required ** Do not change <id> or <type> (Smooth scrolling list for lyrics) -->
                    <control type="list" id="110">
                        <left>100</left>
                        <right>100</right>
                        <top>0</top>
                        <bottom>0</bottom>                      
                        <onleft>back</onleft>                        
                        <onright>back</onright>
                        <onup>110</onup>
                        <ondown>110</ondown>
                        <pagecontrol>111</pagecontrol>
                        <scrolltime>200</scrolltime>
                        <itemlayout height="100" width="1720">
                            <control type="label">
                                <width>100%</width>
                                <align>center</align>
                                <selectedcolor>$VAR[HighlightColor2]</selectedcolor>
                                <info>ListItem.Label</info>                 
                                <textcolor>Selected</textcolor>                   
                                <font>Lyrics</font>
								<visible>!Skin.HasSetting(manfeedlyrics)</visible>
                            </control>
                        </itemlayout>
                        <focusedlayout height="100" width="1720">
                            <control type="label">
                                <width>100%</width>
                                <align>center</align>
                                <textcolor>$VAR[HighlightColor2]</textcolor>
                                <selectedcolor>$VAR[HighlightColor2]</selectedcolor>
                                <info>ListItem.Label</info>                       
                                <font>Lyrics</font>
								<visible>!Skin.HasSetting(manfeedlyrics)</visible>
                            </control>
                        </focusedlayout>
                    </control>
                    <!-- ** Required ** Do not change <id> or <type> (Song Chooser if it gets it wrong) -->
                    <control type="list" id="120">
                        <left>100</left>
                        <right>100</right>
                        <top>SidePad</top>
                        <bottom>30</bottom>
                        <onleft>111</onleft>
                        <onright>111</onright>
                        <onup>110</onup>
                        <ondown>110</ondown>
                        <pagecontrol>111</pagecontrol>
                        <scrolltime>200</scrolltime>
                        <itemlayout height="50">
                            <control type="label">
                                <width>1720</width>
                                <selectedcolor>$VAR[HighlightColor2]</selectedcolor>
                                <info>ListItem.Label</info>              
                                <textcolor>Selected</textcolor>
                            </control>
                        </itemlayout>
                        <focusedlayout height="50">
                            <control type="label">
                                <width>1720</width>
                                <textcolor>$VAR[HighlightColor2]</textcolor>
                                <selectedcolor>$VAR[HighlightColor2]</selectedcolor>
                                <info>ListItem.Label</info>
                            </control>
                        </focusedlayout>
                    </control>
                    <control type="label" id="200">
                        <description>Scraper label</description>
                        <visible>false</visible>
                    </control>
                </control>
            </control>
        </control>
		
		<control type="group">
			<top>-40</top>
			<visible>Skin.HasSetting(manfeedlyrics) + !String.IsEmpty(Container(110).ListItem.Label) + !String.Contains(Container(110).ListItem.Label,@) + !String.Contains(Container(110).ListItem.Label,chorus) + !String.Contains(Container(110).ListItem.Label,lrc) + !String.Contains(Container(110).ListItem.Label,lyric) + !String.Contains(Container(110).ListItem.Label,qq) + !String.Contains(Container(110).ListItem.Label,www)</visible>
			<control type="group">
				<visible>[!String.IsEmpty(Window(Home).Property(culrc.islrc)) + Integer.IsGreater(Container(110).ListItem.Property(duration),299) + !Integer.IsGreater(Container(110).ListItem.Property(duration),1449)] | String.IsEmpty(Container(110).ListItem.Property(part4))</visible>
				<!--Short LINEA 1 & 6-->
				<control type="group">
					<left>510</left>
					<top>10</top>
					<animation effect="rotate" center="auto" start="4" end="4" time="0" condition="true">Conditional</animation>
					<control type="textbox">
						<visible>!Container(110).OnNext + !Container(110).OnPrevious + [String.EndsWith(Container(110).Currentitem,1) | String.EndsWith(Container(110).Currentitem,6)]</visible>
						<animation effect="slide" start="0,-600" end="0,0" time="200" tween="sine" easing="out" reversible="false">Visible</animation>					
						<left>-1</left>
						<top>-1</top>
						<include>line1</include>
						<label>$INFO[Container(110).ListItem.Property(part1)] $INFO[Container(110).ListItem.Property(part2)] $INFO[Container(110).ListItem.Property(part3)] $INFO[Container(110).ListItem.Property(part4)]</label>
						<textcolor>black</textcolor>
					</control>
					<control type="textbox">
						<visible>!Container(110).OnNext + !Container(110).OnPrevious + [String.EndsWith(Container(110).Currentitem,1) | String.EndsWith(Container(110).Currentitem,6)]</visible>
						<animation effect="slide" start="0,-600" end="0,0" time="200" tween="sine" easing="out" reversible="false">Visible</animation>
						<left>2</left>
						<top>2</top>
						<include>line1</include>
						<label>$INFO[Container(110).ListItem.Property(part1)] $INFO[Container(110).ListItem.Property(part2)] $INFO[Container(110).ListItem.Property(part3)] $INFO[Container(110).ListItem.Property(part4)]</label>
						<textcolor>black</textcolor>
					</control>
					<control type="textbox">
						<visible>!Container(110).OnNext + !Container(110).OnPrevious + [String.EndsWith(Container(110).Currentitem,1) | String.EndsWith(Container(110).Currentitem,6)]</visible>
						<animation effect="slide" start="0,-600" end="0,0" time="200" tween="sine" easing="out" reversible="false">Visible</animation>
						<left>0</left>
						<top>0</top>
						<include>line1</include>
						<shadowcolor>black</shadowcolor>
						<label>[COLOR=ff89d5e0]$INFO[Container(110).ListItem.Property(part1)] [/COLOR][COLOR=ffc1ddcc]$INFO[Container(110).ListItem.Property(part2)] [/COLOR][COLOR=ffe9e6bd]$INFO[Container(110).ListItem.Property(part3)] [/COLOR][COLOR=fff4ece1]$INFO[Container(110).ListItem.Property(part4)][/COLOR]</label>
					</control>
				</control>
				<!--Short LINEA 3 & 8-->
				<control type="group">
					<left>510</left>
					<top>10</top>
					<animation effect="rotate" center="auto" start="4" end="4" time="0" condition="true">Conditional</animation>
					<control type="textbox">
						<visible>!Container(110).OnNext + !Container(110).OnPrevious + [String.EndsWith(Container(110).Currentitem,3) | String.EndsWith(Container(110).Currentitem,8)]</visible>
						<animation effect="slide" start="-900,0" end="0,0" time="200" tween="sine" easing="out" reversible="false">Visible</animation>
						<label>$INFO[Container(110).ListItem.Property(part1)] $INFO[Container(110).ListItem.Property(part2)] $INFO[Container(110).ListItem.Property(part3)][CR]$INFO[Container(110).ListItem.Property(part4)]</label>
						<include>line3</include>
						<left>-1</left>
						<top>-1</top>
						<textcolor>black</textcolor>
					</control>
					<control type="textbox">
						<visible>!Container(110).OnNext + !Container(110).OnPrevious + [String.EndsWith(Container(110).Currentitem,3) | String.EndsWith(Container(110).Currentitem,8)]</visible>
						<animation effect="slide" start="-900,0" end="0,0" time="200" tween="sine" easing="out" reversible="false">Visible</animation>
						<label>$INFO[Container(110).ListItem.Property(part1)] $INFO[Container(110).ListItem.Property(part2)] $INFO[Container(110).ListItem.Property(part3)][CR]$INFO[Container(110).ListItem.Property(part4)]</label>
						<include>line3</include>
						<left>3</left>
						<top>3</top>
						<textcolor>black</textcolor>
					</control>
					<control type="textbox">
						<visible>!Container(110).OnNext + !Container(110).OnPrevious + [String.EndsWith(Container(110).Currentitem,3) | String.EndsWith(Container(110).Currentitem,8)]</visible>
						<animation effect="slide" start="-900,0" end="0,0" time="200" tween="sine" easing="out" reversible="false">Visible</animation>
						<label>[COLOR=ff124a8f]$INFO[Container(110).ListItem.Property(part1)] [/COLOR][COLOR=ff15a58f]$INFO[Container(110).ListItem.Property(part2)] [/COLOR][COLOR=ffc4e125]$INFO[Container(110).ListItem.Property(part3)][CR][/COLOR][COLOR=ffd9e898]$INFO[Container(110).ListItem.Property(part4)][/COLOR]</label>
						<include>line3</include>
						<left>0</left>
						<top>0</top>
						<shadowcolor>black</shadowcolor>
					</control>
				</control>
				<!--Short LINEA 5 & 0-->
				<control type="group">
					<left>510</left>
					<top>10</top>
					<animation effect="rotate" center="auto" start="4" end="4" time="0" condition="true">Conditional</animation>
					<control type="textbox">
						<visible>!Container(110).OnNext + !Container(110).OnPrevious + [String.EndsWith(Container(110).Currentitem,5) | String.EndsWith(Container(110).Currentitem,0)]</visible>
						<animation effect="zoom" center="auto" start="0" end="100" time="200" reversible="false">Visible</animation>
						<left>-1</left>
						<top>-1</top>
						<width>900</width>
						<height>600</height>
						<label>$INFO[Container(110).ListItem.Property(part1)] $INFO[Container(110).ListItem.Property(part2)] $INFO[Container(110).ListItem.Property(part3)][CR]$INFO[Container(110).ListItem.Property(part4)]</label>
						<font>lyrics5s</font>
						<align>center</align>
						<aligny>center</aligny>
						<textcolor>black</textcolor>
					</control>
					<control type="textbox">
						<visible>!Container(110).OnNext + !Container(110).OnPrevious + [String.EndsWith(Container(110).Currentitem,5) | String.EndsWith(Container(110).Currentitem,0)]</visible>
						<animation effect="zoom" center="auto" start="0" end="100" time="200" reversible="false">Visible</animation>
						<left>2</left>
						<top>2</top>
						<width>900</width>
						<height>600</height>
						<label>$INFO[Container(110).ListItem.Property(part1)] $INFO[Container(110).ListItem.Property(part2)] $INFO[Container(110).ListItem.Property(part3)][CR]$INFO[Container(110).ListItem.Property(part4)]</label>
						<font>lyrics5s</font>
						<align>center</align>
						<aligny>center</aligny>
						<textcolor>black</textcolor>
					</control>
					<control type="textbox">
						<visible>!Container(110).OnNext + !Container(110).OnPrevious + [String.EndsWith(Container(110).Currentitem,5) | String.EndsWith(Container(110).Currentitem,0)]</visible>
						<animation effect="zoom" center="auto" start="0" end="100" time="200" reversible="false">Visible</animation>
						<left>0</left>
						<top>0</top>
						<width>900</width>
						<height>600</height>
						<font>lyrics5s</font>
						<shadowcolor>black</shadowcolor>
						<align>center</align>
						<aligny>center</aligny>
						<label>[COLOR=ffFF9800]$INFO[Container(110).ListItem.Property(part1)] [/COLOR][COLOR=fffffaf0]$INFO[Container(110).ListItem.Property(part2)] [/COLOR][COLOR=ff00BCD4]$INFO[Container(110).ListItem.Property(part3)][/COLOR][CR][COLOR=ffF06292]$INFO[Container(110).ListItem.Property(part4)][/COLOR]</label>
					</control>
				</control>
				<!--Short LINEA 7 & 2-->
				<control type="group">
					<left>510</left>
					<top>10</top>
					<animation effect="rotate" center="auto" start="4" end="4" time="0" condition="true">Conditional</animation>
					<control type="textbox">
						<visible>!Container(110).OnNext + !Container(110).OnPrevious + [String.EndsWith(Container(110).Currentitem,7) | String.EndsWith(Container(110).Currentitem,2)]</visible>
						<animation effect="slide" start="900,0" end="0,0" time="200" tween="sine" easing="out" reversible="false">Visible</animation>
						<left>-1</left>
						<top>-1</top>
						<include>line7</include>
						<label>$INFO[Container(110).ListItem.Property(part1)] $INFO[Container(110).ListItem.Property(part2)] $INFO[Container(110).ListItem.Property(part3)][CR]$INFO[Container(110).ListItem.Property(part4)]</label>
						<textcolor>black</textcolor>
					</control>
					<control type="textbox">
						<visible>!Container(110).OnNext + !Container(110).OnPrevious + [String.EndsWith(Container(110).Currentitem,7) | String.EndsWith(Container(110).Currentitem,2)]</visible>
						<animation effect="slide" start="900,0" end="0,0" time="200" tween="sine" easing="out" reversible="false">Visible</animation>
						<left>2</left>
						<top>2</top>
						<include>line7</include>
						<label>$INFO[Container(110).ListItem.Property(part1)] $INFO[Container(110).ListItem.Property(part2)] $INFO[Container(110).ListItem.Property(part3)][CR]$INFO[Container(110).ListItem.Property(part4)]</label>
						<textcolor>black</textcolor>
					</control>
					<control type="textbox">
						<visible>!Container(110).OnNext + !Container(110).OnPrevious + [String.EndsWith(Container(110).Currentitem,7) | String.EndsWith(Container(110).Currentitem,2)]</visible>
						<animation effect="slide" start="900,0" end="0,0" time="200" tween="sine" easing="out" reversible="false">Visible</animation>
						<left>0</left>
						<top>0</top>
						<include>line7</include>
						<shadowcolor>black</shadowcolor>
						<label>[COLOR=ff99B898]$INFO[Container(110).ListItem.Property(part1)] [/COLOR][COLOR=ffFF847C]$INFO[Container(110).ListItem.Property(part2)] [/COLOR][COLOR=ffE84A5F]$INFO[Container(110).ListItem.Property(part3)][/COLOR][CR][COLOR=ffFECEA8]$INFO[Container(110).ListItem.Property(part4)][/COLOR]</label>
					</control>
				</control>
				<!--Short LINEA 9 & 4-->
				<control type="group">
				<left>510</left>
				<top>10</top>
				<animation effect="rotate" center="auto" start="4" end="4" time="0" condition="true">Conditional</animation>
				<control type="textbox">
					<visible>!Container(110).OnNext + !Container(110).OnPrevious + [String.EndsWith(Container(110).Currentitem,9) | String.EndsWith(Container(110).Currentitem,4)]</visible>
					<animation effect="zoom" center="auto" start="400" end="100" time="200" reversible="false">Visible</animation>
					<left>-1</left>
					<top>-1</top>
					<include>line9</include>
					<label>$INFO[Container(110).ListItem.Property(part1)] $INFO[Container(110).ListItem.Property(part2)] $INFO[Container(110).ListItem.Property(part3)][CR]$INFO[Container(110).ListItem.Property(part4)]</label>
					<textcolor>black</textcolor>
				</control>
				<control type="textbox">
					<visible>!Container(110).OnNext + !Container(110).OnPrevious + [String.EndsWith(Container(110).Currentitem,9) | String.EndsWith(Container(110).Currentitem,4)]</visible>
					<animation effect="zoom" center="auto" start="400" end="100" time="200" reversible="false">Visible</animation>
					<left>2</left>
					<top>2</top>
					<include>line9</include>
					<label>$INFO[Container(110).ListItem.Property(part1)] $INFO[Container(110).ListItem.Property(part2)] $INFO[Container(110).ListItem.Property(part3)][CR]$INFO[Container(110).ListItem.Property(part4)]</label>
					<textcolor>black</textcolor>
				</control>
				<control type="textbox">
					<visible>!Container(110).OnNext + !Container(110).OnPrevious + [String.EndsWith(Container(110).Currentitem,9) | String.EndsWith(Container(110).Currentitem,4)]</visible>
					<animation effect="zoom" center="auto" start="400" end="100" time="200" reversible="false">Visible</animation>
					<left>0</left>
					<top>0</top>
					<include>line9</include>
					<shadowcolor>black</shadowcolor>
					<label>[COLOR=ffFF4E50]$INFO[Container(110).ListItem.Property(part1)] [/COLOR][COLOR=ffFC913A]$INFO[Container(110).ListItem.Property(part2)] [/COLOR][COLOR=ffF9D423]$INFO[Container(110).ListItem.Property(part3)][/COLOR][CR][COLOR=ffEDE574]$INFO[Container(110).ListItem.Property(part4)][/COLOR]</label>
				</control>
			</control>
			</control>
			<control type="group">
				<visible>!String.IsEmpty(Container(110).ListItem.Property(part4)) + [Integer.IsGreater(Container(110).ListItem.Property(duration),1449) | String.IsEmpty(Window(Home).Property(culrc.islrc))]</visible>
				<!--LINEA 1-->
				<include content="Dem_lyr1">
				</include>
				<include content="Dem_lyr1">
					<param name="left1">4</param>
					<param name="top1">254</param>
				</include>
				<include content="Dem_lyr1">
					<param name="colorlyr11">ff4cb050</param>
					<param name="colorlyr12">fffec106</param>
					<param name="colorlyr13">ff2095f4</param>
					<param name="colorlyr14">fffffaf0</param>
					<param name="left1">1</param>
					<param name="top1">251</param>
				</include>
				<!--LINEA 2-->
				<control type="grouplist">
					<left>0</left>
					<top>199</top>
					<width>1920</width>
					<height>100</height>
					<itemgap>10</itemgap>
					<scrolltime>0</scrolltime>
					<orientation>horizontal</orientation>
					<visible>true</visible>
					<align>center</align>
					<include content="Dem_lyr2">
					</include>
				</control>
				<control type="grouplist">
					<left>4</left>
					<top>203</top>
					<width>1920</width>
					<height>100</height>
					<itemgap>10</itemgap>
					<scrolltime>0</scrolltime>
					<orientation>horizontal</orientation>
					<visible>true</visible>
					<align>center</align>
					<include content="Dem_lyr2">
					</include>
				</control>
				<control type="grouplist">
					<left>1</left>
					<top>200</top>
					<width>1920</width>
					<height>100</height>
					<itemgap>10</itemgap>
					<scrolltime>0</scrolltime>
					<orientation>horizontal</orientation>
					<visible>true</visible>
					<align>center</align>
					<include content="Dem_lyr2">
						<param name="colorlyr21">ff69bbd3</param>
						<param name="colorlyr22">ffe16b6b</param>
						<param name="colorlyr23">fff8e950</param>
					</include>
				</control>
				<include content="Dem_lyr2b">
					<param name="left2b">509</param>
					<param name="top2b">223</param>
				</include>
				<include content="Dem_lyr2b">
					<param name="left2b">513</param>
					<param name="top2b">227</param>
				</include>
				<include content="Dem_lyr2b">
					<param name="colorlyr2b">fffffaf0</param>
				</include>
				<!--LINEA 3-->
				<include content="Dem_lyr3">
				</include>
				<include content="Dem_lyr3">
					<param name="left3">24</param>
					<param name="top3">-16</param>
				</include>
				<include content="Dem_lyr3">
					<param name="colorlyr31">ff00E676</param>
					<param name="colorlyr32">fffffaf0</param>
					<param name="colorlyr33">ffFB8C00</param>
					<param name="colorlyr34">ffB39DDB</param>
					<param name="left3">21</param>
					<param name="top3">-19</param>
				</include>
				<!--LINEA 4-->
				<include content="Dem_lyr4">
				</include>
				<include content="Dem_lyr4">
					<param name="left4">4</param>
					<param name="top4">254</param>
				</include>
				<include content="Dem_lyr4">
					<param name="colorlyr41">ffef4051</param>
					<param name="colorlyr42">ff51bbb7</param>
					<param name="colorlyr43">fffab649</param>
					<param name="colorlyr44">ff84efbb</param>
					<param name="left4">1</param>
					<param name="top4">251</param>
				</include>
				<!--LINEA 5-->
				<control type="grouplist">
					<left>0</left>
					<top>199</top>
					<width>1920</width>
					<height>100</height>
					<itemgap>10</itemgap>
					<scrolltime>0</scrolltime>
					<orientation>horizontal</orientation>
					<visible>true</visible>
					<align>center</align>
					<include content="Dem_lyr5">
					</include>
				</control>
				<control type="grouplist">
					<left>4</left>
					<top>203</top>
					<width>1920</width>
					<height>100</height>
					<itemgap>10</itemgap>
					<scrolltime>0</scrolltime>
					<orientation>horizontal</orientation>
					<visible>true</visible>
					<align>center</align>
					<include content="Dem_lyr5">
					</include>
				</control>
				<control type="grouplist">
					<left>1</left>
					<top>200</top>
					<width>1920</width>
					<height>100</height>
					<itemgap>10</itemgap>
					<scrolltime>0</scrolltime>
					<orientation>horizontal</orientation>
					<visible>true</visible>
					<align>center</align>
					<include content="Dem_lyr5">
						<param name="colorlyr51">ffa70267</param>
						<param name="colorlyr52">ff339194</param>
						<param name="colorlyr53">fffb6b41</param>
					</include>
				</control>
				<include content="Dem_lyr5b">
					<param name="left5b">509</param>
					<param name="top5b">229</param>
				</include>
				<include content="Dem_lyr5b">
					<param name="left5b">513</param>
					<param name="top5b">233</param>
				</include>
				<include content="Dem_lyr5b">
					<param name="colorlyr5b">fff6d86b</param>
				</include>
				<!--LINEA 6-->
				<include content="Dem_lyr6">
				</include>
				<include content="Dem_lyr6">
					<param name="left6">174</param>
					<param name="top6">4</param>
				</include>
				<include content="Dem_lyr6">
					<param name="colorlyr61">ff00a1b3</param>
					<param name="colorlyr62">ffe5e140</param>
					<param name="colorlyr63">ffa70267</param>
					<param name="colorlyr64">ffcbf0e9</param>
					<param name="left6">171</param>
					<param name="top6">1</param>
				</include>
				<!--LINEA 7-->
				<control type="grouplist">
					<left>0</left>
					<top>199</top>
					<width>1920</width>
					<height>100</height>
					<itemgap>3</itemgap>
					<scrolltime>0</scrolltime>
					<orientation>horizontal</orientation>
					<visible>true</visible>
					<align>center</align>
					<include content="Dem_lyr7">
					</include>
				</control>
				<control type="grouplist">
					<left>4</left>
					<top>203</top>
					<width>1920</width>
					<height>100</height>
					<itemgap>3</itemgap>
					<scrolltime>0</scrolltime>
					<orientation>horizontal</orientation>
					<visible>true</visible>
					<align>center</align>
					<include content="Dem_lyr7">
					</include>
				</control>
				<control type="grouplist">
					<left>1</left>
					<top>200</top>
					<width>1920</width>
					<height>100</height>
					<itemgap>3</itemgap>
					<scrolltime>0</scrolltime>
					<orientation>horizontal</orientation>
					<visible>true</visible>
					<align>center</align>
					<include content="Dem_lyr7">
						<param name="colorlyr71">ff607D8B</param>
						<param name="colorlyr72">ffFF6B6B</param>
						<param name="colorlyr73">ff4ECDC4</param>
					</include>
				</control>
				<include content="Dem_lyr7b">
					<param name="left7b">509</param>
					<param name="top7b">229</param>
				</include>
				<include content="Dem_lyr7b">
					<param name="left7b">513</param>
					<param name="top7b">233</param>
				</include>
				<include content="Dem_lyr7b">
					<param name="colorlyr7b">ffC7F464</param>
				</include>
				<!--LINEA 8-->
				<include content="Dem_lyr8">
				</include>
				<include content="Dem_lyr8">
					<param name="left8">4</param>
					<param name="top8">154</param>
				</include>
				<include content="Dem_lyr8">
					<param name="colorlyr81">ffFF9800</param>
					<param name="colorlyr82">fffffaf0</param>
					<param name="colorlyr83">ff00BCD4</param>
					<param name="colorlyr84">ffF06292</param>
					<param name="left8">1</param>
					<param name="top8">151</param>
				</include>
				<!--LINEA 9-->
				<include content="Dem_lyr9">
				</include>
				<include content="Dem_lyr9">
					<param name="left9">14</param>
					<param name="top9">4</param>
				</include>
				<include content="Dem_lyr9">
					<param name="colorlyr91">ffEA80FC</param>
					<param name="left9">11</param>
					<param name="top9">1</param>
				</include>
				<include content="Dem_lyr9b">
				</include>
				<include content="Dem_lyr9b">
					<param name="left9b">14</param>
					<param name="top9b">184</param>
				</include>
				<include content="Dem_lyr9b">
					<param name="colorlyr92b">ffFFEB3B</param>
					<param name="colorlyr93b">ff4DD0E1</param>
					<param name="left9b">11</param>
					<param name="top9b">181</param>
				</include>
				<include content="Dem_lyr9c">
				</include>
				<include content="Dem_lyr9c">
					<param name="left9c">14</param>
					<param name="top9c">4</param>
				</include>
				<include content="Dem_lyr9c">
					<param name="colorlyr94">fffffaf0</param>
					<param name="left9c">11</param>
					<param name="top9c">1</param>
				</include>
				<!--LINEA 0-->
				<include content="Dem_lyr0">
				</include>
				<include content="Dem_lyr0">
					<param name="left0">14</param>
					<param name="top0">4</param>
				</include>
				<include content="Dem_lyr0">
					<param name="colorlyr01">fff7cb03</param>
					<param name="colorlyr02">ffe6227c</param>
					<param name="colorlyr03">ff76105f</param>
					<param name="colorlyr04">ffFFFDE7</param>
					<param name="left0">11</param>
					<param name="top0">1</param>
				</include>
			</control>
		</control>
	</controls>
</window>
