<?xml version="1.0" encoding="UTF-8"?>
<window>
    <!-- videolibrary -->
    <backgroundcolor>Background</backgroundcolor>
    <menucontrol>9000</menucontrol>
    <defaultcontrol always="true">50</defaultcontrol>   
    <views>50,58,552,505,55,56,57,500,51,52,59,53,600,506,508,509,553,54,502,503,501,504,156,157,158,159,521,160,161,162,535,525,515</views>
    <onload condition="System.HasAddon(script.tv.show.next.aired)">RunScript(script.tv.show.next.aired,backend=True)</onload>
	<onload condition="System.HasAddon(script.duration_axbmcuser)">RunScript(script.duration_axbmcuser,backend=True)</onload>
    <onunload>SetProperty(NodeReturn,videos,home)</onunload>
    <onunload>SetProperty(HubReturn,$INFO[Container.FolderPath],home)</onunload>
	<onload>ClearProperty(quicknavsetup,home)</onload>
	<onunload>ClearProperty(quicknavsetup,home)</onunload>	
    <controls>

        <!-- Background -->
        <include>Furniture_Background</include>
        <include>Furniture_RSS</include>
        <include>Furniture_TopBar</include>       
        <include>ClearLogo</include>
		<include>QuickNav</include>

        <!-- Main group -->
        <control type="group">
            <include>Animation_Common</include>
            <include>Viewtype_List</include>
			<include>Viewtype_PanelList</include>  
			<include>Viewtype_PlainList</include>
			<include>Viewtype_Gallery</include>
			<include>Viewtype_Wide</include>
            <include>Viewtype_Fanart</include>
            <include>Viewtype_BigList</include>
			<include>Viewtype_Thumbs</include>
            <include condition="!Skin.HasSetting(SkinHelper.View.Disabled.51)">Viewtype_BigIcon</include>
            <include condition="!Skin.HasSetting(SkinHelper.View.Disabled.52)">Viewtype_Icon</include>
            <include condition="!Skin.HasSetting(SkinHelper.View.Disabled.59)">Viewtype_IconExtra</include>
            <include condition="!Skin.HasSetting(SkinHelper.View.Disabled.53)">Viewtype_BigWide</include>               
            <include condition="!Skin.HasSetting(SkinHelper.View.Disabled.600)">Viewtype_BigWideLogo</include>
            <include condition="!Skin.HasSetting(SkinHelper.View.Disabled.506)">Viewtype_FanartList</include>
			<include condition="!Skin.HasSetting(SkinHelper.View.Disabled.508)">Viewtype_InfoList</include>
            <include condition="!Skin.HasSetting(SkinHelper.View.Disabled.509)">Viewtype_InfoList2</include>
			<include condition="!Skin.HasSetting(SkinHelper.View.Disabled.553)">Viewtype_InfoList3</include>
            <include condition="!Skin.HasSetting(SkinHelper.View.Disabled.54)">Viewtype_MediaInfo</include>
            <include condition="!Skin.HasSetting(SkinHelper.View.Disabled.502)">Viewtype_MediaInfo2</include>
            <include condition="!Skin.HasSetting(SkinHelper.View.Disabled.503)">Viewtype_MediaInfo3</include>
            <include condition="!Skin.HasSetting(SkinHelper.View.Disabled.501)">Viewtype_BigListInfo</include>            
            <include condition="!Skin.HasSetting(SkinHelper.View.Disabled.504)">Viewtype_Posters_List1</include>
            <include condition="!Skin.HasSetting(SkinHelper.View.Disabled.156)">Viewtype_Cycle</include>
            <include condition="!Skin.HasSetting(SkinHelper.View.Disabled.157)">Viewtype_BigWide_Classic</include>
            <include condition="!Skin.HasSetting(SkinHelper.View.Disabled.158)">Viewtype_Banner</include>
            <include condition="!Skin.HasSetting(SkinHelper.View.Disabled.159)">Viewtype_FanartLogo</include>
			<include condition="!Skin.HasSetting(SkinHelper.View.Disabled.521)">Viewtype_Lovefilm</include>
            <include condition="!Skin.HasSetting(SkinHelper.View.Disabled.160)">Viewtype_BigWideClearArt</include>
            <include condition="!Skin.HasSetting(SkinHelper.View.Disabled.161)">Viewtype_ClearArts_List</include>
            <include condition="!Skin.HasSetting(SkinHelper.View.Disabled.162)">Viewtype_Logos_List</include>
			<include condition="!Skin.HasSetting(SkinHelper.View.Disabled.535)">Viewtype_ShowCase</include>
			<include condition="!Skin.HasSetting(SkinHelper.View.Disabled.525)">Viewtype_MediumIcon</include>
			<include condition="!Skin.HasSetting(SkinHelper.View.Disabled.515)">Viewtype_Netflix</include>
        </control>		

        <!-- Menu -->
        <control type="group">
            <visible allowhiddenfocus="true">ControlGroup(9000).HasFocus()</visible>
            <include>Dialog_Top</include>
            <include>Dialog_Background</include>
            <include content="Dialog_Top_IconHeader">
                <param name="label" value="$LOCALIZE[31068]" />
                <param name="icon" value="special://skin/extras/icons/settings.png" />
            </include>
            <include content="Dialog_Top_Arrows">
                <param name="id" value="9000" />
            </include>

            <control type="grouplist" id="9000">
				<onup>SetProperty(quicknavsetup,1,home)</onup>
				<onup>9987</onup>
                <include>Dialog_Top_GroupList</include>
                <defaultcontrol always="true">3</defaultcontrol>
                <control type="button" id="9096">
                    <description>Back to fullscreen</description>
                    <include>Defs_OptionButton2</include>
                    <label>31526</label>
                    <onclick>fullscreen</onclick>
                    <visible>Player.HasVideo</visible>
                </control>              
                <control type="button" id="9097">
                    <description>Back to Music Viz</description>
                    <include>Defs_OptionButton2</include>
                    <label>31639</label>
                    <onclick>fullscreen</onclick>
                    <visible>Player.HasAudio</visible>
                </control>                       
                <include>Object_BasicViewList</include>
                
                <!-- Watched toggle -->
                <control type="radiobutton" id="14">
                    <include>Defs_OptionButton2</include>
                    <label>20367</label>
                    <visible>Control.IsEnabled(14)</visible>
                </control>
                
                <!-- Hide Next Aired Infos -->
                <control type="radiobutton" id="44">
                    <include>Defs_OptionButton2</include>
                    <label>31733</label>
                    <selected>Skin.HasSetting(hidenextairedinfos)</selected>
                    <onclick>Skin.ToggleSetting(hidenextairedinfos)</onclick>
                    <visible>Container.Content(tvshows) | Container.Content(seasons) | Container.Content(episodes)</visible>
                </control>
                <!-- Hide/Show Indicators -->
                <control type="button" id="45">
                    <include>Defs_OptionButton2</include>
                    <label>$LOCALIZE[31734] : $VAR[Label_Indicators]</label>
                    <onclick condition="String.IsEmpty(Skin.String(indicators))">Skin.SetString(indicators,$LOCALIZE[31735])</onclick>
                    <onclick condition="String.IsEqual(Skin.String(indicators),$LOCALIZE[31189])">Skin.SetString(indicators,$LOCALIZE[31735])</onclick>
                    <onclick condition="String.IsEqual(Skin.String(indicators),$LOCALIZE[31735])">Skin.SetString(indicators,$LOCALIZE[31736])</onclick>
                    <onclick condition="String.IsEqual(Skin.String(indicators),$LOCALIZE[31736])">Skin.SetString(indicators,$LOCALIZE[31189])</onclick>
                </control>
                
                <!-- Filter -->
                <control type="edit" id="19">
                    <include>Defs_OptionButton2</include>
                    <label>587</label>
                    <visible>Container.CanFilter + !Container.CanFilterAdvanced</visible>
                </control>
                <!-- Filter -->
                <control type="radiobutton" id="93">
                    <include>Defs_OptionButton2</include>
                    <label>587</label>
                    <onclick>Filter</onclick>
                    <selected>Container.Filtered</selected>
                    <visible>Container.CanFilterAdvanced</visible>
                </control>
                <control type="button" id="9003">
                    <include>Defs_OptionButton2</include>
                    <label>13350</label>
                    <onclick>ActivateWindow(videoplaylist)</onclick>
                    <visible>Integer.IsGreater(Playlist.Length(video),1)</visible>
                    <visible>Player.HasVideo</visible>
                </control>
                <control type="button" id="9004">
                    <include>Defs_OptionButton2</include>
                    <label>13350</label>
                    <onclick>ActivateWindow(musicplaylist)</onclick>
                    <visible>Integer.IsGreater(Playlist.Length(music),1)</visible>
                    <visible>Player.HasAudio</visible>
                </control>                                    
                <!-- Update -->
                <control type="button" id="20">
                    <label>653</label>
                    <include>Defs_OptionButton2</include>
                    <onclick>SetFocus(50)</onclick>
                </control>
            </control>
        </control>
		
		<control type="fadelabel" id="4410">
			<top>-1000</top>
			<width>750</width>
			<height>0</height>
			<scrollspeed>60</scrollspeed>
			<scrollout>false</scrollout>
			<font>Font-LineLabel</font>
			<textcolor>white</textcolor>
			<randomize>true</randomize>
			<label>$INFO[ListItem.Art(extrathumb1)]</label>
			<label>$INFO[ListItem.Art(extrathumb2)]</label>
			<label>$INFO[ListItem.Art(extrathumb3)]</label>
			<label>$INFO[ListItem.Art(extrathumb4)]</label>
			<label>$INFO[ListItem.Art(extrathumb5)]</label>
			<label>$INFO[ListItem.Art(extrathumb6)]</label>
			<label>$INFO[ListItem.Art(extrathumb7)]</label>
			<label>$INFO[ListItem.Art(extrathumb8)]</label>
			<label>$INFO[ListItem.Art(extrathumb9)]</label>
			<label>$INFO[ListItem.Art(extrathumb10)]</label>
			<visible>Skin.HasSetting(rotatingthumbs)</visible>
		</control>
		
        <include>Furniture_OverlayInfo</include>
    </controls>

</window>