<?xml version="1.0" encoding="UTF-8"?>
    <addon id="repository.alanon" name="Alanon's Repo" version="1.0.0" provider-name="Alanon">
        <requires>
            <import addon="xbmc.addon" version="12.0.0"/>
        </requires>
        <extension point="xbmc.addon.repository" name="Alanon's Repo">
            <info compressed="false">https://raw.githubusercontent.com/Alanon202/repository.alanon/_repo/addons.xml</info>
            <checksum>https://raw.githubusercontent.com/Alanon202/repository.alanon/_repo/addons.xml.md5</checksum>
            <datadir zip="true">https://raw.githubusercontent.com/Alanon202/repository.alanon/_repo/</datadir>
            <hashes>false</hashes>
        </extension>
        <extension point="xbmc.addon.metadata">
            <summary>Alanon's Kodi Repo</summary>
            <description>Here you can find my Eminence 2 MOD.</description>
            <platform>all</platform>
            <assets>
 			   <icon>resources/icon.png</icon>
 			   <fanart>resources/fanart.jpg</fanart>
 		    </assets>		
			<news>Initial release.</news>			
    </extension>
</addon>