<?xml version="1.0" encoding="UTF-8"?>
<includes>
    
        <include name="Christmas">
	<control type="group">
	<visible>System.Date(12-24,12-25)</visible><!--(start date, end date, in MM-DD format)-->
       <control type="group">
				<left>100</left>
				<control type="image">
					<left>60</left>
					<width>35</width>
					<height>35</height>
					<texture>snow/snow3.png</texture>
					<aspectratio scalediffuse="false">keep</aspectratio>
					<animation effect="slide" start="0,-50" end="0,1180" time="19000" delay="0" reversible="false" loop="true" condition="true">Conditional</animation>
					<animation effect="rotate" end="-360" time="12000" loop="true" center="auto" condition="true">Conditional</animation>
					<animation effect="rotatey" end="-360" time="8000" loop="true" center="auto" condition="true">Conditional</animation>
				</control>
				<control type="image">
					<left>260</left>
					<width>35</width>
					<height>35</height>
					<texture>snow/snow5.png</texture>
					<aspectratio scalediffuse="false">keep</aspectratio>
					<animation effect="slide" start="0,-600" end="0,1180" time="28000" delay="0" reversible="false" loop="true" condition="true">Conditional</animation>
					<animation effect="rotate" end="-360" time="12000" loop="true" center="auto" condition="true">Conditional</animation>
					<animation effect="rotatey" end="-360" time="14000" loop="true" center="auto" condition="true">Conditional</animation>
				</control>
				<control type="image">
					<left>380</left>
					<width>35</width>
					<height>35</height>
					<texture>snow/snow2.png</texture>
					<aspectratio scalediffuse="false">keep</aspectratio>
					<animation effect="slide" start="0,-960" end="0,1180" time="34000" delay="0" reversible="false" loop="true" condition="true">Conditional</animation>
					<animation effect="rotate" end="-360" time="10000" loop="true" center="auto" condition="true">Conditional</animation>
					<animation effect="rotatey" end="-360" time="17000" loop="true" center="auto" condition="true">Conditional</animation>
				</control>
				<control type="image">
					<left>622</left>
					<width>35</width>
					<height>35</height>
					<texture>snow/snow4.png</texture>
					<aspectratio scalediffuse="false">keep</aspectratio>
					<animation effect="slide" start="0,-100" end="0,1180" time="20000" delay="0" reversible="false" loop="true" condition="true">Conditional</animation>
					<animation effect="rotate" end="-360" time="8000" loop="true" center="auto" condition="true">Conditional</animation>
					<animation effect="rotatey" end="-360" time="10000" loop="true" center="auto" condition="true">Conditional</animation>
				</control>
				<control type="image">
					<left>960</left>
					<width>35</width>
					<height>35</height>
					<texture>snow/snow2.png</texture>
					<aspectratio scalediffuse="false">keep</aspectratio>
					<animation effect="slide" start="0,-500" end="0,1180" time="24000" delay="0" reversible="false" loop="true" condition="true">Conditional</animation>
					<animation effect="rotate" end="-360" time="12000" loop="true" center="auto" condition="true">Conditional</animation>
					<animation effect="rotatey" end="-360" time="12000" loop="true" center="auto" condition="true">Conditional</animation>
				</control>
				<control type="image">
					<left>1200</left>
					<width>35</width>
					<height>35</height>
					<texture>snow/snow3.png</texture>
					<aspectratio scalediffuse="false">keep</aspectratio>
					<animation effect="slide" start="0,-260" end="0,1180" time="18000" delay="0" reversible="false" loop="true" condition="true">Conditional</animation>
					<animation effect="rotate" end="-360" time="12000" loop="true" center="auto" condition="true">Conditional</animation>
					<animation effect="rotatey" end="-360" time="9000" loop="true" center="auto" condition="true">Conditional</animation>
				</control>
				<control type="image">
					<left>1426</left>
					<width>35</width>
					<height>35</height>
					<texture>snow/snow5.png</texture>
					<aspectratio scalediffuse="false">keep</aspectratio>
					<animation effect="slide" start="0,-850" end="0,1180" time="24000" delay="0" reversible="false" loop="true" condition="true">Conditional</animation>
					<animation effect="rotate" end="-360" time="12000" loop="true" center="auto" condition="true">Conditional</animation>
					<animation effect="rotatey" end="-360" time="12000" loop="true" center="auto" condition="true">Conditional</animation>
				</control>
				<control type="image">
					<left>1587</left>
					<width>35</width>
					<height>35</height>
					<texture>snow/snow4.png</texture>
					<aspectratio scalediffuse="false">keep</aspectratio>
					<animation effect="slide" start="0,-1080" end="0,1180" time="35000" delay="0" reversible="false" loop="true" condition="true">Conditional</animation>
					<animation effect="rotate" end="-360" time="12000" loop="true" center="auto" condition="true">Conditional</animation>
					<animation effect="rotatey" end="-360" time="17500" loop="true" center="auto" condition="true">Conditional</animation>
				</control>
			</control>
			<control type="group">
				<control type="image">
					<left>60</left>
					<width>35</width>
					<height>35</height>
					<texture>snow/snow.png</texture>
					<aspectratio scalediffuse="false">keep</aspectratio>
					<animation effect="slide" start="0,-450" end="0,1180" time="24000" delay="0" reversible="false" loop="true" condition="true">Conditional</animation>
					<animation effect="rotate" end="-360" time="12000" loop="true" center="auto" condition="true">Conditional</animation>
					<animation effect="rotatey" end="-360" time="12000" loop="true" center="auto" condition="true">Conditional</animation>
				</control>
				<control type="image">
					<left>260</left>
					<width>35</width>
					<height>35</height>
					<texture>snow/snow.png</texture>
					<aspectratio scalediffuse="false">keep</aspectratio>
					<animation effect="slide" start="0,-200" end="0,1180" time="18000" delay="0" reversible="false" loop="true" condition="true">Conditional</animation>
					<animation effect="rotate" end="-360" time="12000" loop="true" center="auto" condition="true">Conditional</animation>
					<animation effect="rotatey" end="-360" time="9000" loop="true" center="auto" condition="true">Conditional</animation>
				</control>
				<control type="image">
					<left>380</left>
					<width>35</width>
					<height>35</height>
					<texture>snow/snow.png</texture>
					<aspectratio scalediffuse="false">keep</aspectratio>
					<animation effect="slide" start="0,-500" end="0,1180" time="25000" delay="0" reversible="false" loop="true" condition="true">Conditional</animation>
					<animation effect="rotate" end="-360" time="10000" loop="true" center="auto" condition="true">Conditional</animation>
					<animation effect="rotatey" end="-360" time="13500" loop="true" center="auto" condition="true">Conditional</animation>
				</control>
				<control type="image">
					<left>622</left>
					<width>35</width>
					<height>35</height>
					<texture>snow/snow.png</texture>
					<aspectratio scalediffuse="false">keep</aspectratio>
					<animation effect="slide" start="0,-800" end="0,1180" time="32000" delay="0" reversible="false" loop="true" condition="true">Conditional</animation>
					<animation effect="rotate" end="-360" time="8000" loop="true" center="auto" condition="true">Conditional</animation>
					<animation effect="rotatey" end="-360" time="16000" loop="true" center="auto" condition="true">Conditional</animation>
				</control>
				<control type="image">
					<left>960</left>
					<width>35</width>
					<height>35</height>
					<texture>snow/snow.png</texture>
					<aspectratio scalediffuse="false">keep</aspectratio>
					<animation effect="slide" start="0,-50" end="0,1180" time="18000" delay="0" reversible="false" loop="true" condition="true">Conditional</animation>
					<animation effect="rotate" end="-360" time="12000" loop="true" center="auto" condition="true">Conditional</animation>
					<animation effect="rotatey" end="-360" time="9000" loop="true" center="auto" condition="true">Conditional</animation>
				</control>
				<control type="image">
					<left>1200</left>
					<width>35</width>
					<height>35</height>
					<texture>snow/snow.png</texture>
					<aspectratio scalediffuse="false">keep</aspectratio>
					<animation effect="slide" start="0,-960" end="0,1180" time="30000" delay="0" reversible="false" loop="true" condition="true">Conditional</animation>
					<animation effect="rotate" end="-360" time="12000" loop="true" center="auto" condition="true">Conditional</animation>
					<animation effect="rotatey" end="-360" time="15000" loop="true" center="auto" condition="true">Conditional</animation>
				</control>
				<control type="image">
					<left>1426</left>
					<width>35</width>
					<height>35</height>
					<texture>snow/snow.png</texture>
					<aspectratio scalediffuse="false">keep</aspectratio>
					<animation effect="slide" start="0,-160" end="0,1180" time="20000" delay="0" reversible="false" loop="true" condition="true">Conditional</animation>
					<animation effect="rotate" end="-360" time="12000" loop="true" center="auto" condition="true">Conditional</animation>
					<animation effect="rotatey" end="-360" time="10000" loop="true" center="auto" condition="true">Conditional</animation>
				</control>
				<control type="image">
					<left>1587</left>
					<width>35</width>
					<height>35</height>
					<texture>snow/snow.png</texture>
					<aspectratio scalediffuse="false">keep</aspectratio>
					<animation effect="slide" start="0,-300" end="0,1180" time="20000" delay="0" reversible="false" loop="true" condition="true">Conditional</animation>
					<animation effect="rotate" end="-360" time="12000" loop="true" center="auto" condition="true">Conditional</animation>
					<animation effect="rotatey" end="-360" time="10000" loop="true" center="auto" condition="true">Conditional</animation>
				</control>
			</control>
			<control type="group">
				<control type="image">
					<left>520</left>
					<width>55</width>
					<height>55</height>
					<texture>snow/snow3.png</texture>
					<aspectratio scalediffuse="false">keep</aspectratio>
					<animation effect="slide" start="0,-200" end="0,1180" time="22000" delay="0" reversible="false" loop="true" condition="true">Conditional</animation>
					<animation effect="rotate" end="-360" time="12000" loop="true" center="auto" condition="true">Conditional</animation>
					<animation effect="rotatey" end="-360" time="11000" loop="true" center="auto" condition="true">Conditional</animation>
				</control>
				<control type="image">
					<left>730</left>
					<width>55</width>
					<height>55</height>
					<texture>snow/snow5.png</texture>
					<aspectratio scalediffuse="false">keep</aspectratio>
					<animation effect="slide" start="0,-300" end="0,1180" time="25000" delay="0" reversible="false" loop="true" condition="true">Conditional</animation>
					<animation effect="rotate" end="-360" time="12000" loop="true" center="auto" condition="true">Conditional</animation>
					<animation effect="rotatey" end="-360" time="12500" loop="true" center="auto" condition="true">Conditional</animation>
				</control>
				<control type="image">
					<left>980</left>
					<width>55</width>
					<height>55</height>
					<texture>snow/snow2.png</texture>
					<aspectratio scalediffuse="false">keep</aspectratio>
					<animation effect="slide" start="0,-560" end="0,1180" time="30000" delay="0" reversible="false" loop="true" condition="true">Conditional</animation>
					<animation effect="rotate" end="-360" time="10000" loop="true" center="auto" condition="true">Conditional</animation>
					<animation effect="rotatey" end="-360" time="15000" loop="true" center="auto" condition="true">Conditional</animation>
				</control>
				<control type="image">
					<left>1100</left>
					<width>55</width>
					<height>55</height>
					<texture>snow/snow4.png</texture>
					<aspectratio scalediffuse="false">keep</aspectratio>
					<animation effect="slide" start="0,-700" end="0,1180" time="24000" delay="0" reversible="false" loop="true" condition="true">Conditional</animation>
					<animation effect="rotate" end="-360" time="8000" loop="true" center="auto" condition="true">Conditional</animation>
					<animation effect="rotatey" end="-360" time="12000" loop="true" center="auto" condition="true">Conditional</animation>
				</control>
				<control type="image">
					<left>1375</left>
					<width>55</width>
					<height>55</height>
					<texture>snow/snow2.png</texture>
					<aspectratio scalediffuse="false">keep</aspectratio>
					<animation effect="slide" start="0,-1000" end="0,1180" time="35000" delay="0" reversible="false" loop="true" condition="true">Conditional</animation>
					<animation effect="rotate" end="-360" time="12000" loop="true" center="auto" condition="true">Conditional</animation>
					<animation effect="rotatey" end="-360" time="17500" loop="true" center="auto" condition="true">Conditional</animation>
				</control>
				<control type="image">
					<left>1615</left>
					<width>55</width>
					<height>55</height>
					<texture>snow/snow3.png</texture>
					<aspectratio scalediffuse="false">keep</aspectratio>
					<animation effect="slide" start="0,-460" end="0,1180" time="23000" delay="0" reversible="false" loop="true" condition="true">Conditional</animation>
					<animation effect="rotate" end="-360" time="12000" loop="true" center="auto" condition="true">Conditional</animation>
					<animation effect="rotatey" end="-360" time="11500" loop="true" center="auto" condition="true">Conditional</animation>
				</control>
				<control type="image">
					<left>1826</left>
					<width>55</width>
					<height>55</height>
					<texture>snow/snow5.png</texture>
					<aspectratio scalediffuse="false">keep</aspectratio>
					<animation effect="slide" start="0,-450" end="0,1180" time="24000" delay="0" reversible="false" loop="true" condition="true">Conditional</animation>
					<animation effect="rotate" end="-360" time="12000" loop="true" center="auto" condition="true">Conditional</animation>
					<animation effect="rotatey" end="-360" time="12000" loop="true" center="auto" condition="true">Conditional</animation>
				</control>
			</control>
		</control>
        </include> 

    <include name="Animation_FadeIn">
        <animation effect="fade" start="0" end="100" time="200">Visible</animation>
        <animation effect="fade" start="0" end="100" time="200">WindowOpen</animation>
    </include>
    <include name="Animation_FadeOut">
        <animation effect="fade" end="0" start="100" time="200">Hidden</animation>
        <animation effect="fade" end="0" start="100" time="200">WindowClose</animation>
    </include>
    <include name="Animation_FadeOut_Delay">
        <animation effect="fade" end="0" start="100" time="200" delay="200">Hidden</animation>
        <animation effect="fade" end="0" start="100" time="200" delay="200">WindowClose</animation>
    </include>
    <include name="Animation_Bottom">
        <animation effect="slide" tween="quadratic" easing="out" time="200" start="0,450" end="0">WindowOpen</animation>
        <animation effect="slide" tween="quadratic" easing="in" time="200" end="0,450" start="0">WindowClose</animation>
        <animation effect="slide" tween="quadratic" easing="out" time="200" start="0,450" end="0">Visible</animation>
        <animation effect="slide" tween="quadratic" easing="in" time="200" end="0,450" start="0">Hidden</animation>
    </include>
    <include name="Animation_Left">
        <animation effect="slide" tween="quadratic" easing="out" time="250" start="-1860" end="0" delay="200">WindowOpen</animation>
        <animation effect="slide" tween="quadratic" easing="in" time="250" end="-1860" start="0">WindowClose</animation>
        <animation effect="slide" tween="quadratic" easing="out" time="250" start="-1860" end="0" delay="200">Visible</animation>
        <animation effect="slide" tween="quadratic" easing="in" time="250" end="-1860" start="0">Hidden</animation>
    </include>
    <include name="Animation_Right">
        <animation effect="slide" tween="quadratic" easing="out" time="250" start="1860" end="0" delay="200">WindowOpen</animation>
        <animation effect="slide" tween="quadratic" easing="in" time="250" end="1860" start="0">WindowClose</animation>
        <animation effect="slide" tween="quadratic" easing="out" time="250" start="1860" end="0" delay="200">Visible</animation>
        <animation effect="slide" tween="quadratic" easing="in" time="250" end="1860" start="0">Hidden</animation>
    </include>
    <include name="Animation_Common">
        <animation effect="slide" tween="quadratic" easing="out" time="200" start="1920" end="0">WindowOpen</animation>
        <animation effect="slide" tween="quadratic" easing="in" time="200" end="1920" start="0">WindowClose</animation>
        <animation effect="slide" tween="quadratic" easing="out" time="200" start="-1920" end="0" delay="300">Visible</animation>
        <animation effect="slide" tween="quadratic" easing="in" time="200" end="-1920" start="0">Hidden</animation>
        <animation effect="fade" start="100" end="0" time="200" condition="Window.IsVisible(script-script.extendedinfo-VideoList.xml)">Conditional</animation>
        <visible>![Window.IsVisible(DialogVideoInfo.xml) | Window.IsVisible(script-script.extendedinfo-DialogInfo.xml) | Window.IsVisible(script-script.extendedinfo-DialogVideoInfo.xml) | Window.IsVisible(DialogMusicInfo.xml) | Window.IsVisible(DialogAddonInfo.xml)]</visible>
    </include>
    <include name="Animation_Info">
        <!-- No Property Set (From Library) -->
        <animation effect="slide" tween="quadratic" easing="out" time="200" delay="200" start="1920" end="0" condition="String.IsEmpty(Window(home).Property(extinfo))">WindowOpen</animation>
        <animation effect="slide" tween="quadratic" easing="in" time="200" end="1920" start="0" condition="String.IsEmpty(Window(home).Property(extinfo))">WindowClose</animation>

        <!-- Property 1 Set (Move Left) -->
        <animation effect="slide" tween="quadratic" easing="out" time="200" delay="200" start="-1920" end="0" condition="String.IsEqual(Window(home).Property(extinfo),1)">WindowOpen</animation>
        <animation effect="slide" tween="quadratic" easing="in" time="200" end="1920" start="0" condition="String.IsEqual(Window(home).Property(extinfo),1)">WindowClose</animation>

        <!-- Property 2 Set (Move Right) -->
        <animation effect="slide" tween="quadratic" easing="out" time="200" delay="200" start="1920" end="0" condition="String.IsEqual(Window(home).Property(extinfo),2)">WindowOpen</animation>
        <animation effect="slide" tween="quadratic" easing="in" time="200" end="-1920" start="0" condition="String.IsEqual(Window(home).Property(extinfo),2)">WindowClose</animation>

        <animation effect="slide" tween="quadratic" easing="out" time="200" delay="200" start="1920" end="0">Visible</animation>
        <animation effect="slide" tween="quadratic" easing="in" time="200" end="1920" start="0">Hidden</animation>
    </include>
    <include name="Animation_Hub">
        <animation effect="slide" tween="quadratic" easing="out" time="200" start="-1920" end="0">WindowOpen</animation>
        <animation effect="slide" tween="quadratic" easing="in" time="200" end="-1920" start="0">WindowClose</animation>
        <animation effect="slide" tween="quadratic" easing="out" time="200" start="-1920" end="0">Visible</animation>
        <animation effect="slide" tween="quadratic" easing="in" time="200" end="-1920" start="0">Hidden</animation>
        <animation effect="slide" tween="quadratic" easing="in" time="200" start="-1920" end="0" delay="300" condition="![Window.IsVisible(DialogVideoInfo.xml) | Window.IsVisible(script-script.extendedinfo-DialogInfo.xml) | Window.IsVisible(script-script.extendedinfo-DialogVideoInfo.xml) | Window.IsVisible(DialogMusicInfo.xml) | Window.IsVisible(DialogAddonInfo.xml)]">Conditional</animation>
    </include>
    <include name="Animation_SlideIn">
        <animation type="Visible">
            <effect type="slide" start="0,-32" end="0" time="200" tween="quadratic" />
            <effect type="fade" start="0" end="100" time="200" />
        </animation>
        <animation type="WindowOpen">
            <effect type="slide" start="0,-32" end="0" time="200" tween="quadratic" />
            <effect type="fade" start="0" end="100" time="200" />
        </animation>
    </include>
    <include name="Animation_SlideIn_Bounce">
        <animation type="Visible">
            <effect type="slide" start="0,-50" end="0" time="500" tween="back" easing="out" />
            <effect type="fade" start="0" end="100" time="200" />
        </animation>
        <animation type="WindowOpen">
            <effect type="slide" start="0,-50" end="0" time="500" tween="back" easing="out" />
            <effect type="fade" start="0" end="100" time="200" />
        </animation>
    </include>	
    <include name="Animation_FadeSlide_Right">
        <animation type="WindowOpen">
            <effect type="fade" start="0" end="100" time="300" tween="sine" easing="out" />
            <effect type="slide" start="320" end="0" time="400" tween="cubic" easing="out" />
        </animation>
        <animation type="WindowClose">
            <effect type="fade" start="100" end="0" time="300" tween="sine" easing="out" />
            <effect type="slide" start="0" end="320" time="300" tween="cubic" easing="out" />
        </animation>
    </include>	
	<include name="Animation_FadeSlide_Left">
        <animation type="WindowOpen">
            <effect type="fade" start="0" end="100" time="300" tween="sine" easing="out" />
            <effect type="slide" start="-320" end="0" time="400" tween="cubic" easing="out" />
        </animation>
        <animation type="WindowClose">
            <effect type="fade" start="100" end="0" time="300" tween="sine" easing="out" />
            <effect type="slide" start="0" end="-320" time="300" tween="cubic" easing="out" />
        </animation>
    </include>
	<include name="Animation_SpinningDisc">
		<animation type="WindowOpen" reversible="false">
			<effect type="slide" tween="cubic" easing="inout" time="1500" delay="100" start="-800" end="0" />
			<effect type="rotate" end="-360" center="auto" time="2000" delay="0" loop="false" tween="cubic" easing="inout" />
		</animation>
		<animation type="Conditional" reversible="false" condition="!Container.OnNext + !Container.OnPrevious">
			<effect type="rotate" end="-360" center="auto" time="6400" delay="1200" loop="false" tween="cubic" easing="inout" />
		</animation>
	</include>

</includes>