<colors>
    <color name="Background">ff181818</color>
    <color name="FanartFade">9f181818</color>
    <color name="HomeBarBG">ff000000</color>
    <color name="HomeBarFG">ffededed</color>
    <color name="HomeBarTile">30555555</color>
    <color name="HomeWidgetBG">ff000000</color>
    <color name="DialogBG">ff000000</color>
    <color name="Highlight">ff287ba8</color>
    <color name="Highlight2">ffe5b535</color>
    <color name="Selected">fff0f0f0</color>
    <color name="MainLabel">FFededed</color>
    <color name="SubLabel">BFededed</color>
    <color name="HomeMainLabel">FFededed</color>
    <color name="HomeSubLabel">BFededed</color>
    <color name="LineLabel">9Fededed</color>
    <color name="SideArrow">5Fededed</color>
    <color name="PosterBorder">30555555</color>
    <color name="ObjectBackground">9f000000</color>
    <color name="ListLabel">bfededed</color>
    <color name="Disabled">2fededed</color>
    <color name="ListBG">bf000000</color>
	<color name="Indicator">FFededed</color>
    <color name="IndicatorBack">ff181818</color>
    <color name="ColorPicker">ff272727</color> 
</colors>