<?xml version="1.0" encoding="utf-8"?>
<fonts>

    <fontset id="Default">
		<font>
			<name>lyrics1</name>
			<filename>lyrspin03.ttf</filename>
			<style>lowercase</style>
			<linespacing>0.9</linespacing>
			<size>120</size>
		</font>
		<font>
			<name>lyrics1b</name>
			<filename>lyrspin04.ttf</filename>
			<linespacing>0.8</linespacing>
			<size>75</size>
		</font>
		<font>
			<name>lyrics2</name>
			<filename>lyrspin09.ttf</filename>
			<linespacing>0.9</linespacing>
			<size>120</size>
		</font>
		<font>
			<name>lyrics2b</name>
			<filename>lyrspin01.ttf</filename>
			<linespacing>0.85</linespacing>
			<size>62</size>
		</font>
		<font>
			<name>lyrics3</name>
			<filename>lyrspin05.ttf</filename>
			<linespacing>0.9</linespacing>
			<size>120</size>
		</font>
		<font>
			<name>lyrics3b</name>
			<filename>lyrspin06.ttf</filename>
			<linespacing>0.85</linespacing>
			<size>62</size>
		</font>
		<font>
			<name>lyrics4</name>
			<filename>lyrspin08.ttf</filename>
			<linespacing>0.8</linespacing>
			<size>60</size>
		</font>
		<font>
			<name>lyrics4b</name>
			<filename>lyrspin09.ttf</filename>
			<linespacing>0.9</linespacing>
			<size>120</size>
		</font>
		<font>
			<name>lyrics5</name>
			<style>uppercase</style>
			<filename>lyrspin10.ttf</filename>
			<size>140</size>
		</font>
		<font>
			<name>lyrics5b</name>
			<filename>lyrspin04.ttf</filename>
			<linespacing>0.8</linespacing>
			<size>75</size>
		</font>
		<font>
			<name>lyrics6</name>
			<filename>lyrspin07.ttf</filename>
			<aspect>1.3</aspect>
			<style>lowercase</style>
			<linespacing>0.9</linespacing>
			<size>104</size>
		</font>
		<font>
			<name>lyrics6b</name>
			<filename>lyrspin08.ttf</filename>
			<linespacing>0.8</linespacing>
			<size>60</size>
		</font>
		<font>
			<name>lyrics7</name>
			<filename>lyrspin03.ttf</filename>
			<style>lowercase</style>
			<linespacing>0.9</linespacing>
			<size>120</size>
		</font>
		<font>
			<name>lyrics7b</name>
			<filename>lyrspin06.ttf</filename>
			<linespacing>0.85</linespacing>
			<size>62</size>
		</font>
		<font>
			<name>lyrics8</name>
			<filename>lyrspin05.ttf</filename>
			<linespacing>0.9</linespacing>
			<size>120</size>
		</font>
		<font>
			<name>lyrics8b</name>
			<filename>lyrspin02.ttf</filename>
			<linespacing>0.85</linespacing>
			<size>70</size>
		</font>
		<font>
			<name>lyrics9</name>
			<filename>lyrspin07.ttf</filename>
			<style>lowercase</style>
			<linespacing>0.9</linespacing>
			<size>275</size>
		</font>
		<font>
			<name>lyrics9b</name>
			<filename>lyrspin07.ttf</filename>
			<style>lowercase</style>
			<linespacing>0.9</linespacing>
			<size>165</size>
		</font>
		<font>
			<name>lyrics9c</name>
			<filename>lyrspin07.ttf</filename>
			<style>lowercase</style>
			<linespacing>0.9</linespacing>
			<size>220</size>
		</font>
		<font>
			<name>lyrics9d</name>
			<filename>lyrspin01.ttf</filename>
			<linespacing>0.85</linespacing>
			<size>60</size>
		</font>
		<font>
			<name>lyrics0</name>
			<style>uppercase</style>
			<filename>lyrspin10.ttf</filename>
			<size>125</size>
		</font>
		<font>
			<name>lyrics0a</name>
			<style>uppercase</style>
			<filename>lyrspin10.ttf</filename>
			<size>175</size>
		</font>
		<font>
			<name>lyrics0b</name>
			<style>uppercase</style>
			<filename>lyrspin10.ttf</filename>
			<size>225</size>
		</font>
		<font>
			<name>lyrics0c</name>
			<filename>lyrspin02.ttf</filename>
			<linespacing>0.85</linespacing>
			<size>70</size>
		</font>
		<font>
			<name>lyrics1s</name>
			<filename>lyrspin02.ttf</filename>
			<linespacing>1.15</linespacing>
			<size>76</size>
		</font>
		<font>
			<name>lyrics3s</name>
			<filename>lyrspin04.ttf</filename>
			<linespacing>0.80</linespacing>
			<aspect>1.1</aspect>
			<size>92</size>
		</font>
		<font>
			<name>lyrics5s</name>
			<filename>lyrspin01.ttf</filename>
			<linespacing>0.8</linespacing>
			<size>80</size>
		</font>
		<font>
			<name>lyrics7s</name>
			<filename>lyrspin08.ttf</filename>
			<style>bold</style>
			<linespacing>0.75</linespacing>
			<size>72</size>
		</font>
		<font>
			<name>lyrics9s</name>
			<filename>lyrspin06.ttf</filename>
			<linespacing>0.85</linespacing>
			<size>80</size>
		</font>
        <!-- Fonts from Eminence -->
        <font>
            <name>Font-LineLabel</name>
            <filename>Roboto-Bold.ttf</filename>
            <size>18</size>
            <style>uppercase</style>
        </font>		
        <font>
            <name>Font-Header</name>
            <filename>Roboto-Black.ttf</filename>
            <size>75</size>
        </font>
        <font>
            <name>Font-View</name>
            <filename>Roboto-Black.ttf</filename>
            <size>50</size>
        </font>
        <font>
            <name>Font-Sublabel</name>
            <filename>Roboto-Bold.ttf</filename>
            <size>32</size>
        </font>
        <font>
            <name>Font-HomeMenu</name>
            <filename>Roboto-Regular.ttf</filename>
            <size>28</size>
        </font>
        <font>
            <name>Font-Button</name>
            <filename>Roboto-Bold.ttf</filename>
            <size>32</size>
        </font>
        <font>
            <name>Font-Button-Black</name>
            <filename>Roboto-Black.ttf</filename>
            <size>32</size>
        </font>
        <font>
            <name>Font-ListInfo-Bold</name>
            <filename>Roboto-Bold.ttf</filename>
            <size>30</size>
            <linespacing>1.08</linespacing>
        </font>
        <font>
            <name>Font-ListInfo</name>
            <filename>Roboto-Regular.ttf</filename>
            <size>30</size>
            <linespacing>1.08</linespacing>
        </font>
        <font>
            <name>Font-ListInfo-Big</name>
            <filename>Roboto-Regular.ttf</filename>
            <size>38</size>
            <linespacing>1.08</linespacing>
        </font>
        <font>
            <name>Font-ListInfo-Small</name>
            <filename>Roboto-Regular.ttf</filename>
            <size>27</size>
        </font>
        <font>
            <name>Font-RSS</name>
            <filename>Roboto-Regular.ttf</filename>
            <size>24</size>
        </font>
        <font>
            <name>Font-ListInfo-Small-Bold</name>
            <filename>Roboto-Bold.ttf</filename>
            <size>27</size>
        </font>
        <font>
            <name>Font-OSD</name>
            <filename>Roboto-Regular.ttf</filename>
            <size>25</size>
            <aspect>0.9</aspect>
        </font>
        <font>
            <name>Font-InfoBox-Title</name>
            <filename>Roboto-Black.ttf</filename>
            <size>36</size>
        </font>
        <font>
            <name>Font-WidgetInfoTitle</name>
            <filename>Roboto-Black.ttf</filename>
            <size>48</size>
        </font>        
        <font>
            <name>Font-Flag</name>
            <filename>RobotoCondensed-Bold.ttf</filename>
            <size>40</size>
        </font>          
        <font>
            <name>NextUpTitle</name>
            <filename>RobotoCondensed-Bold.ttf</filename>
            <size>26</size>
        </font>      
        <font>
            <name>NextUpRemaining</name>
            <filename>RobotoCondensed-Bold.ttf</filename>
            <size>38</size>
        </font>      
        <font>
            <name>NextUpPlot</name>
            <filename>RobotoCondensed-Regular.ttf</filename>
            <size>20</size>
        </font>        
        <font>
            <name>Font-Music1</name>
            <filename>Roboto-Black.ttf</filename>
            <size>70</size>
        </font>    
        <font>
            <name>Font-Music2</name>
            <filename>RobotoCondensed-Regular.ttf</filename>
            <size>21</size>
        </font>   
        <font>
            <name>Font-Music3</name>
            <filename>RobotoCondensed-Regular.ttf</filename>
            <size>48</size>
        </font>
        <font>
            <name>MusicVisualisation</name>
            <style>uppercase</style>
            <filename>RobotoCondensed-Bold.ttf</filename>
            <size>25</size>
        </font>
        <font>
            <name>Lyrics</name>
            <filename>WCManoNegra-Light.ttf</filename>
            <size>50</size>
        </font>
        <font>
            <name>CDArtist</name>
            <filename>fafers.ttf</filename>
			<size>45</size>
			<linespacing>.8</linespacing>
        </font>
        <font>
            <name>CDAlbum</name>
            <filename>fafers.ttf</filename>
			<size>36</size>
        </font>
        <!-- Required for system -->
        <font>
            <name>font13</name>
            <filename>Arial.ttf</filename>
            <size>21</size>
        </font>
    </fontset>
    
    <fontset id="Arial">
        <!-- Fonts from Eminence -->
        <font>
            <name>Font-LineLabel</name>
            <filename>arial.ttf</filename>
            <size>18</size>
            <style>uppercase</style>
        </font>		
        <font>
            <name>Font-Header</name>
            <filename>arial.ttf</filename>
            <size>75</size>
        </font>
        <font>
            <name>Font-View</name>
            <filename>arial.ttf</filename>
            <size>50</size>
        </font>
        <font>
            <name>Font-Sublabel</name>
            <filename>arial.ttf</filename>
            <size>32</size>
        </font>
        <font>
            <name>Font-HomeMenu</name>
            <filename>arial.ttf</filename>
            <size>28</size>
        </font>
        <font>
            <name>Font-Button</name>
            <filename>arial.ttf</filename>
            <size>32</size>
        </font>
        <font>
            <name>Font-Button-Black</name>
            <filename>arial.ttf</filename>
            <size>32</size>
        </font>
        <font>
            <name>Font-ListInfo-Bold</name>
            <filename>arial.ttf</filename>
            <size>30</size>
            <linespacing>1.08</linespacing>
        </font>
        <font>
            <name>Font-ListInfo</name>
            <filename>arial.ttf</filename>
            <size>30</size>
            <linespacing>1.08</linespacing>
        </font>
        <font>
            <name>Font-ListInfo-Big</name>
            <filename>arial.ttf</filename>
            <size>38</size>
            <linespacing>1.08</linespacing>
        </font>
        <font>
            <name>Font-ListInfo-Small</name>
            <filename>arial.ttf</filename>
            <size>27</size>
        </font>
        <font>
            <name>Font-RSS</name>
            <filename>arial.ttf</filename>
            <size>24</size>
        </font>
        <font>
            <name>Font-ListInfo-Small-Bold</name>
            <filename>arial.ttf</filename>
            <size>27</size>
        </font>
        <font>
            <name>Font-OSD</name>
            <filename>arial.ttf</filename>
            <size>25</size>
            <aspect>0.9</aspect>
        </font>
        <font>
            <name>Font-InfoBox-Title</name>
            <filename>arial.ttf</filename>
            <size>36</size>
        </font>
        <font>
            <name>Font-WidgetInfoTitle</name>
            <filename>arial.ttf</filename>
            <size>48</size>
        </font>
        <!-- Required for system -->
        <font>
            <name>font13</name>
            <filename>arial.ttf</filename>
            <size>21</size>
        </font>
		
        <font>
            <name>CDArtist</name>
            <filename>fafers.ttf</filename>
			<size>45</size>
			<linespacing>.8</linespacing>
        </font>

        <font>
            <name>CDAlbum</name>
            <filename>fafers.ttf</filename>
			<size>36</size>
        </font>		
    </fontset>

</fonts>