<?xml version="1.0" encoding="UTF-8"?>
<includes>
	<!-- ##### MOD.SPIN #####-->
	<include name="Dem_lyr1">
		<param name="colorlyr11" default="black"/>
		<param name="colorlyr12" default="black"/>
		<param name="colorlyr13" default="black"/>
		<param name="colorlyr14" default="black"/>
		<param name="left1" default="0"/>
		<param name="top1" default="250"/>
		<definition>
			<control type="group">
				<top>$PARAM[top1]</top>
				<left>$PARAM[left1]</left>
				<control type="grouplist">
					<left>0</left>
					<top>-95</top>
					<width>1920</width>
					<height>125</height>
					<itemgap>25</itemgap>
					<scrolltime>0</scrolltime>
					<orientation>horizontal</orientation>
					<visible>true</visible>
					<align>center</align>
					<control type="label">
						<visible>String.EndsWith(Container(110).Currentitem,1)</visible>
						<animation type="Visible" reversible="false">
						<effect type="zoom" center="auto" start="0" end="100" tween="sine" easing="out" time="700"/>
						</animation>
						<width>auto</width>
						<height>125</height>
						<label> $INFO[Container(110).ListItem.Property(part1)]</label>
						<font>lyrics1</font>
						<shadowcolor>black</shadowcolor>
						<align>center</align>
						<aligny>center</aligny>
						<textcolor>$PARAM[colorlyr11]</textcolor>
					</control>
					<control type="label">
						<visible>String.EndsWith(Container(110).Currentitem,1)</visible>
						<animation type="Visible" reversible="false">
						<effect type="zoom" center="auto" start="200" end="100" tween="sine" easing="out" time="700"/>
						</animation>
						<width>auto</width>
						<height>125</height>
						<label> $INFO[Container(110).ListItem.Property(part2)]</label>
						<font>lyrics1</font>
						<align>center</align>
						<aligny>center</aligny>
						<textcolor>$PARAM[colorlyr12]</textcolor>
					</control>
				</control>
				<control type="grouplist">
					<left>0</left>
					<top>20</top>
					<width>1920</width>
					<height>600</height>
					<itemgap>30</itemgap>
					<scrolltime>0</scrolltime>
					<orientation>horizontal</orientation>
					<visible>true</visible>
					<align>center</align>
					<control type="label">
						<visible>String.EndsWith(Container(110).Currentitem,1)</visible>
						<animation type="Visible" reversible="false">
							<effect type="zoom" center="auto" start="200" end="100" tween="sine" easing="out" time="700"/>
						</animation>
						<width>auto</width>
						<height>125</height>
						<label> $INFO[Container(110).ListItem.Property(part3)]</label>
						<font>lyrics1</font>
						<shadowcolor>black</shadowcolor>
						<align>right</align>
						<aligny>top</aligny>
						<textcolor>$PARAM[colorlyr13]</textcolor>
					</control>
					<control type="label">
						<width max="700">auto</width>
						<height>600</height>
						<wrapmultiline>true</wrapmultiline>
						<visible>String.EndsWith(Container(110).Currentitem,1)</visible>
						<animation type="Visible" reversible="false">
							<effect type="zoom" center="auto" start="0" end="100" tween="sine" easing="out" time="700"/>
						</animation>
						<label>$INFO[Container(110).ListItem.Property(part4)]</label>
						<font>lyrics1b</font>
						<shadowcolor>black</shadowcolor>
						<align>left</align>
						<aligny>top</aligny>
						<textcolor>$PARAM[colorlyr14]</textcolor>
					</control>
				</control>
			</control>
		</definition>
	</include>

	<include name="line1">
		<width>900</width>
		<height>600</height>
		<font>lyrics1s</font>
		<align>center</align>
		<aligny>center</aligny>
	</include>

	<include name="Dem_lyr2">
		<param name="colorlyr21" default="black"/>
		<param name="colorlyr22" default="black"/>
		<param name="colorlyr23" default="black"/>
		<definition>
			<control type="label">
				<visible>String.EndsWith(Container(110).Currentitem,2)</visible>
				<animation type="Visible" reversible="false">
					<effect type="slide" start="-200,0" end="0,0" tween="back" easing="out" time="300"/>
					<effect type="zoom" start="25" end="100" tween="back" easing="out" time="500"/>
				</animation>
				<width>auto</width>
				<height>100</height>
				<label> $INFO[Container(110).ListItem.Property(part1)]</label>
				<font>lyrics2</font>
				<shadowcolor>black</shadowcolor>
				<align>center</align>
				<aligny>center</aligny>
				<textcolor>$PARAM[colorlyr21]</textcolor>
			</control>
			<control type="label">
				<animation type="Visible" reversible="false">
					<effect type="slide" start="-200,0" end="0,0" tween="back" easing="out" time="600"/>
					<effect type="zoom" start="25" end="100" tween="back" easing="out" time="800"/>
				</animation>
				<visible>String.EndsWith(Container(110).Currentitem,2)</visible>
				<width>auto</width>
				<height>100</height>
				<label> $INFO[Container(110).ListItem.Property(part2)]</label>
				<font>lyrics2</font>
				<shadowcolor>black</shadowcolor>
				<align>center</align>
				<aligny>center</aligny>
				<textcolor>$PARAM[colorlyr22]</textcolor>
			</control>
			<control type="label">
				<visible>String.EndsWith(Container(110).Currentitem,2)</visible>
				<animation type="Visible" reversible="false">
					<effect type="slide" start="-200,0" end="0,0" tween="back" easing="out" time="900"/>
					<effect type="zoom" start="25" end="100" tween="back" easing="out" time="1100"/>
				</animation>
				<width>auto</width>
				<height>100</height>
				<label> $INFO[Container(110).ListItem.Property(part3)]</label>
				<font>lyrics2</font>
				<shadowcolor>black</shadowcolor>
				<align>center</align>
				<aligny>center</aligny>
				<textcolor>$PARAM[colorlyr23]</textcolor>
			</control>
		</definition>
	</include>

	<include name="Dem_lyr2b">
		<param name="colorlyr2b" default="black"/>
		<param name="left2b" default="510"/>
		<param name="top2b" default="224"/>
		<definition>
			<control type="group">
				<left>$PARAM[left2b]</left>
				<top>$PARAM[top2b]</top>
				<visible>String.EndsWith(Container(110).Currentitem,2)</visible>
				<animation type="Visible" reversible="false">
					<effect type="slide" delay="300" start="-200,0" end="0,0" tween="back" easing="out" time="900"/>
					<effect type="zoom" center="450,370" delay="300" start="25" end="100" tween="sine" easing="out" time="900"/>
				</animation>
				<control type="textbox">
					<left>0</left>
					<top>76</top>
					<width>900</width>
					<height>600</height>
					<label>$INFO[Container(110).ListItem.Property(part4)]</label>
					<font>lyrics2b</font>
					<shadowcolor>black</shadowcolor>
					<align>center</align>
					<aligny>top</aligny>
					<textcolor>$PARAM[colorlyr2b]</textcolor>
				</control>
			</control>
		</definition>
	</include>

	<include name="Dem_lyr3">
		<param name="colorlyr31" default="black"/>
		<param name="colorlyr32" default="black"/>
		<param name="colorlyr33" default="black"/>
		<param name="colorlyr34" default="black"/>
		<param name="left3" default="20"/>
		<param name="top3" default="-20"/>
		<definition>
			<control type="group">
			<top>$PARAM[top3]</top>
			<left>$PARAM[left3]</left>
				<control type="label">
					<visible>String.EndsWith(Container(110).Currentitem,3)</visible>
					<animation type="Visible" reversible="false">
						<effect type="slide" delay="400" start="0,-400" end="0,0" time="250" tween="back" easing="out"/>
						<effect type="rotate" center="720,270" delay="900" start="35" end="0" time="250" tween="back" easing="out"/>
					</animation>
					<left>0</left>
					<top>395</top>
					<width>940</width>
					<height>125</height>
					<label> $INFO[Container(110).ListItem.Property(part3)]</label>
					<font>lyrics3</font>
					<shadowcolor>black</shadowcolor>
					<align>right</align>
					<aligny>center</aligny>
					<textcolor>$PARAM[colorlyr33]</textcolor>
				</control>
				<control type="label">
					<left>0</left>
					<visible>String.EndsWith(Container(110).Currentitem,3)</visible>
					<animation type="Visible" reversible="false">
						<effect type="slide" delay="150" start="0,-400" end="0,0" time="350" tween="back" easing="out"/>
						<effect type="rotate" center="720,270" delay="900" start="35" end="0" time="300" tween="back" easing="out"/>
					</animation>
					<top>270</top>
					<width>940</width>
					<height>125</height>
					<label> $INFO[Container(110).ListItem.Property(part2)]</label>
					<font>lyrics3</font>
					<shadowcolor>black</shadowcolor>
					<align>right</align>
					<aligny>center</aligny>
					<textcolor>$PARAM[colorlyr32]</textcolor>
				</control>
				<control type="label">
					<visible>String.EndsWith(Container(110).Currentitem,3)</visible>
					<animation type="Visible" reversible="false">
						<effect type="slide" start="0,-400" end="0,0" time="250" tween="back" easing="out"/>
						<effect type="rotate" center="720,270" delay="900" start="35" end="0" time="350" tween="back" easing="out"/>
					</animation>
					<left>0</left>
					<top>145</top>
					<width>940</width>
					<height>125</height>
					<label> $INFO[Container(110).ListItem.Property(part1)]</label>
					<font>lyrics3</font>
					<shadowcolor>black</shadowcolor>
					<align>right</align>
					<aligny>center</aligny>
					<textcolor>$PARAM[colorlyr31]</textcolor>
				</control>
				<control type="textbox">
					<left>960</left>
					<top>30</top>
					<width>700</width>
					<height>600</height>
					<visible>String.EndsWith(Container(110).Currentitem,3)</visible>
					<animation type="Visible" reversible="false">
						<effect type="slide" delay="700" start="600,0" end="0,0" time="350" tween="back"/>
						<effect type="rotate" delay="700" center="auto" start="4" end="0" time="600" tween="bounce" easing="out"/>
					</animation>
					<label> $INFO[Container(110).ListItem.Property(part4)]</label>
					<font>lyrics3b</font>
					<shadowcolor>black</shadowcolor>
					<align>left</align>
					<aligny>center</aligny>
					<textcolor>$PARAM[colorlyr34]</textcolor>
				</control>
			</control>
		</definition>
	</include>

	<include name="line3">
		<width>900</width>
		<height>600</height>
		<font>lyrics3s</font>
		<align>center</align>
		<aligny>center</aligny>
	</include>

	<include name="Dem_lyr4">
		<param name="colorlyr41" default="black"/>
		<param name="colorlyr42" default="black"/>
		<param name="colorlyr43" default="black"/>
		<param name="colorlyr44" default="black"/>
		<param name="left4" default="0"/>
		<param name="top4" default="250"/>
		<definition>
			<control type="group">
				<top>$PARAM[top4]</top>
				<left>$PARAM[left4]</left>
				<control type="grouplist">
					<animation type="Visible" reversible="false">
						<effect type="slide" start="0,-200" end="0,0" time="200"/>
					</animation>
					<visible>String.EndsWith(Container(110).Currentitem,4)</visible>
					<left>0</left>
					<top>-95</top>
					<width>1920</width>
					<height>125</height>
					<itemgap>25</itemgap>
					<scrolltime>0</scrolltime>
					<orientation>horizontal</orientation>
					<visible>true</visible>
					<align>center</align>
					<control type="label">
						<width>auto</width>
						<height>125</height>
						<label> $INFO[Container(110).ListItem.Property(part1)]</label>
						<font>lyrics4</font>
						<shadowcolor>black</shadowcolor>
						<align>center</align>
						<aligny>center</aligny>
						<textcolor>$PARAM[colorlyr42]</textcolor>
					</control>
					<control type="label">
						<width>auto</width>
						<height>125</height>
						<label> $INFO[Container(110).ListItem.Property(part2)]</label>
						<font>lyrics4b</font>
						<align>center</align>
						<aligny>center</aligny>
						<textcolor>01FFFFFF</textcolor>
					</control>
				</control>
				<control type="grouplist">
					<visible>String.EndsWith(Container(110).Currentitem,4)</visible>
					<animation type="Visible" reversible="false">
						<effect type="slide" delay="250" start="400,0" end="0,0" time="200"/>
					</animation>
					<left>0</left>
					<top>-95</top>
					<width>1920</width>
					<height>125</height>
					<itemgap>25</itemgap>
					<scrolltime>0</scrolltime>
					<orientation>horizontal</orientation>
					<visible>true</visible>
					<align>center</align>
					<control type="label">
						<width>auto</width>
						<height>125</height>
						<label> $INFO[Container(110).ListItem.Property(part1)]</label>
						<font>lyrics4</font>
						<align>center</align>
						<aligny>center</aligny>
						<textcolor>01FFFFFF</textcolor>
					</control>
					<control type="label">
						<width>auto</width>
						<height>125</height>
						<label> $INFO[Container(110).ListItem.Property(part2)]</label>
						<font>lyrics4b</font>
						<shadowcolor>black</shadowcolor>
						<align>center</align>
						<aligny>center</aligny>
						<textcolor>$PARAM[colorlyr43]</textcolor>
					</control>
				</control>
				<control type="grouplist">
					<visible>String.EndsWith(Container(110).Currentitem,4)</visible>
					<animation type="Visible" reversible="false">
						<effect type="slide" delay="500" start="-400,0" end="0,0" time="200"/>
					</animation>
					<left>0</left>
					<top>15</top>
					<width>1920</width>
					<height>600</height>
					<itemgap>40</itemgap>
					<scrolltime>0</scrolltime>
					<orientation>horizontal</orientation>
					<visible>true</visible>
					<align>center</align>
					<control type="label">
						<width>auto</width>
						<height>125</height>
						<label> $INFO[Container(110).ListItem.Property(part3)]</label>
						<font>lyrics4b</font>
						<shadowcolor>black</shadowcolor>
						<align>right</align>
						<aligny>top</aligny>
						<textcolor>$PARAM[colorlyr41]</textcolor>
					</control>
					<control type="label">
						<width max="700">auto</width>
						<height>600</height>
						<wrapmultiline>true</wrapmultiline>
						<label>$INFO[Container(110).ListItem.Property(part4)]</label>
						<font>lyrics4</font>
						<align>left</align>
						<aligny>top</aligny>
						<textcolor>01ffffff</textcolor>
					</control>
				</control>
				<control type="grouplist">
					<visible>String.EndsWith(Container(110).Currentitem,4)</visible>
					<animation type="Visible" reversible="false">
						<effect type="slide" delay="750" start="0,200" end="0,0" time="200"/>
					</animation>
					<left>0</left>
					<top>30</top>
					<width>1920</width>
					<height>600</height>
					<itemgap>40</itemgap>
					<scrolltime>0</scrolltime>
					<orientation>horizontal</orientation>
					<visible>true</visible>
					<align>center</align>
					<control type="label">
						<width>auto</width>
						<height>125</height>
						<label> $INFO[Container(110).ListItem.Property(part3)]</label>
						<font>lyrics4b</font>
						<align>right</align>
						<aligny>top</aligny>
						<textcolor>01ffffff</textcolor>
					</control>
					<control type="label">
						<width max="700">auto</width>
						<height>600</height>
						<wrapmultiline>true</wrapmultiline>
						<label>$INFO[Container(110).ListItem.Property(part4)]</label>
						<font>lyrics4</font>
						<shadowcolor>black</shadowcolor>
						<align>left</align>
						<aligny>top</aligny>
						<textcolor>$PARAM[colorlyr44]</textcolor>
					</control>
				</control>
			</control>
		</definition>
	</include>

	<include name="Dem_lyr5">
		<param name="colorlyr51" default="black"/>
		<param name="colorlyr52" default="black"/>
		<param name="colorlyr53" default="black"/>
		<definition>
			<control type="label">
				<visible>String.EndsWith(Container(110).Currentitem,5)</visible>
				<animation type="Visible" reversible="false">
					<effect type="rotatey" center="0,0" start="90" end="0" time="450" tween="sine" easing="out"/>
				</animation>
				<width>auto</width>
				<height>100</height>
				<label>$INFO[Container(110).ListItem.Property(part1)]</label>
				<font>lyrics5</font>
				<shadowcolor>black</shadowcolor>
				<align>center</align>
				<aligny>center</aligny>
				<textcolor>$PARAM[colorlyr51]</textcolor>
			</control>
			<control type="label">
				<visible>String.EndsWith(Container(110).Currentitem,5)</visible>
				<animation type="Visible" reversible="false">
					<effect type="rotatex" center="0,0" start="90" end="0" time="600" tween="sine" easing="out"/>
				</animation>
				<width>auto</width>
				<height>100</height>
				<label> $INFO[Container(110).ListItem.Property(part2)]</label>
				<font>lyrics5</font>
				<shadowcolor>black</shadowcolor>
				<align>center</align>
				<aligny>center</aligny>
				<textcolor>$PARAM[colorlyr52]</textcolor>
			</control>
			<control type="label">
				<visible>String.EndsWith(Container(110).Currentitem,5)</visible>
				<animation type="Visible" reversible="false">
					<effect type="rotate" center="0,0" start="170" end="0" time="750" tween="sine" easing="out"/>
				</animation>
				<width>auto</width>
				<height>100</height>
				<label> $INFO[Container(110).ListItem.Property(part3)]</label>
				<font>lyrics5</font>
				<shadowcolor>black</shadowcolor>
				<align>center</align>
				<aligny>center</aligny>
				<textcolor>$PARAM[colorlyr53]</textcolor>
			</control>
		</definition>
	</include>

	<include name="Dem_lyr5b">
		<param name="colorlyr5b" default="black"/>
		<param name="left5b" default="510"/>
		<param name="top5b" default="230"/>
		<definition>
			<control type="group">
			<left>$PARAM[left5b]</left>
			<top>$PARAM[top5b]</top>
			<visible>String.EndsWith(Container(110).Currentitem,5)</visible>
				<animation type="Visible" reversible="false">
					<effect type="rotatex" delay="600" center="480,0" start="90" end="0" time="500" tween="sine" easing="out"/>
				</animation>
				<control type="textbox">
					<left>0</left>
					<top>72</top>
					<width>900</width>
					<height>600</height>
					<label>$INFO[Container(110).ListItem.Property(part4)]</label>
					<font>lyrics5b</font>
					<shadowcolor>black</shadowcolor>
					<align>center</align>
					<aligny>top</aligny>
					<textcolor>$PARAM[colorlyr5b]</textcolor>
				</control>
			</control>
		</definition>
	</include>

	<include name="Dem_lyr6">
		<param name="colorlyr61" default="black"/>
		<param name="colorlyr62" default="black"/>
		<param name="colorlyr63" default="black"/>
		<param name="colorlyr64" default="black"/>
		<param name="left6" default="170"/>
		<param name="top6" default="0"/>
		<definition>
			<control type="group">
				<top>$PARAM[top6]</top>
				<left>$PARAM[left6]</left>
				<control type="label">
				<visible>String.EndsWith(Container(110).Currentitem,6)</visible>
				<animation type="Visible" reversible="false">
					<effect type="slide" start="1000,0" end="0,0" time="350" tween="back" easing="out"/>
					<effect type="slide" delay="800" start="0,0" end="-200,0" time="350" tween="back" easing="out"/>
				</animation>
				<left>50</left>
				<top>125</top>
				<width>925</width>
				<height>125</height>
				<label> $INFO[Container(110).ListItem.Property(part1)]</label>
				<font>lyrics6</font>
				<shadowcolor>black</shadowcolor>
				<align>right</align>
				<aligny>center</aligny>
				<textcolor>$PARAM[colorlyr61]</textcolor>
				</control>
				<control type="label">
					<left>50</left>
					<visible>String.EndsWith(Container(110).Currentitem,6)</visible>
					<animation type="Visible" reversible="false">
						<effect type="slide" delay="150" start="1000,0" end="0,0" time="350" tween="back" easing="out"/>
						<effect type="slide" delay="800" start="0,0" end="-200,0" time="350" tween="back" easing="out"/>
					</animation>
					<top>250</top>
					<width>925</width>
					<height>125</height>
					<label> $INFO[Container(110).ListItem.Property(part2)]</label>
					<font>lyrics6</font>
					<shadowcolor>black</shadowcolor>
					<align>right</align>
					<aligny>center</aligny>
					<textcolor>$PARAM[colorlyr62]</textcolor>
				</control>
				<control type="label">
					<visible>String.EndsWith(Container(110).Currentitem,6)</visible>
					<animation type="Visible" reversible="false">
						<effect type="slide" delay="300" start="1000,0" end="0,0" time="350" tween="back" easing="out"/>
						<effect type="slide" delay="800" start="0,0" end="-200,0" time="350" tween="back" easing="out"/>
					</animation>
					<left>50</left>
					<top>375</top>
					<width>925</width>
					<height>125</height>
					<label> $INFO[Container(110).ListItem.Property(part3)]</label>
					<font>lyrics6</font>
					<shadowcolor>black</shadowcolor>
					<align>right</align>
					<aligny>center</aligny>
					<textcolor>$PARAM[colorlyr63]</textcolor>
				</control>
				<control type="textbox">
					<left>800</left>
					<top>10</top>
					<width>700</width>
					<height>600</height>
					<visible>String.EndsWith(Container(110).Currentitem,6)</visible>
					<animation type="Visible" reversible="false">
						<effect type="slide" delay="650" start="0,-400" end="0,0" time="1200" tween="bounce" easing="out" />
					</animation>
					<label>$INFO[Container(110).ListItem.Property(part4)]</label>
					<font>lyrics6b</font>
					<shadowcolor>black</shadowcolor>
					<align>left</align>
					<aligny>center</aligny>
					<textcolor>$PARAM[colorlyr64]</textcolor>
				</control>
			</control>
		</definition>
	</include>

	<include name="Dem_lyr7">
		<param name="colorlyr71" default="black"/>
		<param name="colorlyr72" default="black"/>
		<param name="colorlyr73" default="black"/>
		<definition>
			<control type="label">
				<visible>String.EndsWith(Container(110).Currentitem,7)</visible>
				<animation type="Visible" reversible="false">
					<effect type="slide" start="100,-300" end="50,0" time="250" tween="back" easing="out"/>
					<effect type="rotate" delay="900" center="auto" start="15" end="-10" time="200" tween="sine" easing="out"/>
					<effect type="rotate" delay="1100" center="auto" end="10" time="200" tween="back" easing="out"/>
					<effect type="slide" delay="900" end="-50,0" time="300" tween="back" easing="out"/>
				</animation>
				<width>auto</width>
				<height>100</height>
				<label> $INFO[Container(110).ListItem.Property(part1)]</label>
				<font>lyrics7</font>
				<shadowcolor>black</shadowcolor>
				<align>center</align>
				<aligny>center</aligny>
				<textcolor>$PARAM[colorlyr71]</textcolor>
			</control>
			<control type="label">
				<visible>String.EndsWith(Container(110).Currentitem,7)</visible>
				<animation type="Visible" reversible="false">
					<effect type="slide" start="0,-300" end="0,0" time="500" tween="back" easing="out"/>
					<effect type="rotate" delay="900" center="auto" start="-8" end="11" time="200" tween="sine" easing="out"/>
					<effect type="rotate" delay="1100" center="auto" end="-11" time="250" tween="back" easing="out"/>
				</animation>
				<width>auto</width>
				<height>100</height>
				<label> $INFO[Container(110).ListItem.Property(part2)]</label>
				<font>lyrics7</font>
				<shadowcolor>black</shadowcolor>
				<align>center</align>
				<aligny>center</aligny>
				<textcolor>$PARAM[colorlyr72]</textcolor>
			</control>
			<control type="label">
				<visible>String.EndsWith(Container(110).Currentitem,7)</visible>
				<animation type="Visible" reversible="false">
					<effect type="slide" start="-100,-300" end="-50,0" time="650" tween="back" easing="out"/>
					<effect type="rotate" delay="900" center="auto" start="22" end="-12" time="200" tween="sine" easing="out"/>
					<effect type="rotate" delay="1100" center="auto" end="12" time="300" tween="back" easing="out"/>
					<effect type="slide" delay="900" end="50,0" time="350" tween="back" easing="out"/>
				</animation>
				<width>auto</width>
				<height>100</height>
				<label> $INFO[Container(110).ListItem.Property(part3)]</label>
				<font>lyrics7</font>
				<shadowcolor>black</shadowcolor>
				<align>center</align>
				<aligny>center</aligny>
				<textcolor>$PARAM[colorlyr73]</textcolor>
			</control>
		</definition>
	</include>

	<include name="Dem_lyr7b">
		<param name="colorlyr7b" default="black"/>
		<param name="left7b" default="510"/>
		<param name="top7b" default="230"/>
		<definition>
			<control type="group">
				<left>$PARAM[left7b]</left>
				<top>$PARAM[top7b]</top>
				<visible>String.EndsWith(Container(110).Currentitem,7)</visible>
				<animation type="Visible" reversible="false">
				<effect type="slide" delay="700" start="0,250" end="0,0" time="350" tween="back"/>
				<effect type="rotate" delay="700" center="auto" start="4" end="0" time="600" tween="bounce" easing="out"/>
				</animation>
				<control type="textbox">
					<left>0</left>
					<top>66</top>
					<width>900</width>
					<height>600</height>
					<label>$INFO[Container(110).ListItem.Property(part4)]</label>
					<font>lyrics7b</font>
					<shadowcolor>black</shadowcolor>
					<align>center</align>
					<aligny>top</aligny>
					<textcolor>$PARAM[colorlyr7b]</textcolor>
				</control>
			</control>
		</definition>
	</include>

	<include name="line7">
		<width>900</width>
		<height>600</height>
		<font>lyrics7s</font>
		<align>center</align>
		<aligny>center</aligny>
	</include>

	<include name="Dem_lyr8">
		<param name="colorlyr81" default="black"/>
		<param name="colorlyr82" default="black"/>
		<param name="colorlyr83" default="black"/>
		<param name="colorlyr84" default="black"/>
		<param name="left8" default="0"/>
		<param name="top8" default="150"/>
		<definition>
			<control type="group">
				<top>$PARAM[top8]</top>
				<left>$PARAM[left8]</left>
				<control type="label">
					<visible>String.EndsWith(Container(110).Currentitem,8)</visible>
					<animation type="Visible" reversible="false">
						<effect type="zoom" center="auto" start="400" end="100" tween="back" easing="out" time="350"/>
						<effect type="slide" delay="800" start="0,0" end="0,-200" time="350" tween="back" easing="out"/>
					</animation>
					<left>0</left>
					<top>145</top>
					<width>1920</width>
					<height>115</height>
					<label> $INFO[Container(110).ListItem.Property(part1)]</label>
					<font>lyrics8</font>
					<shadowcolor>black</shadowcolor>
					<align>center</align>
					<aligny>center</aligny>
					<textcolor>$PARAM[colorlyr81]</textcolor>
				</control>
				<control type="grouplist">
					<left>0</left>
					<top>260</top>
					<width>1920</width>
					<height>125</height>
					<itemgap>35</itemgap>
					<scrolltime>0</scrolltime>
					<orientation>horizontal</orientation>
					<visible>true</visible>
					<align>center</align>
					<control type="label">
						<visible>String.EndsWith(Container(110).Currentitem,8)</visible>
						<animation type="Visible" reversible="false">
							<effect type="zoom" center="auto" start="400" end="100" tween="back" easing="out" time="550"/>
							<effect type="slide" delay="800" start="0,0" end="0,-200" time="400" tween="back" easing="out"/>
						</animation>
						<width>auto</width>
						<height>125</height>
						<label> $INFO[Container(110).ListItem.Property(part2)]</label>
						<font>lyrics8</font>
						<shadowcolor>black</shadowcolor>
						<align>center</align>
						<aligny>center</aligny>
						<textcolor>$PARAM[colorlyr82]</textcolor>
					</control>
					<control type="label">
						<visible>String.EndsWith(Container(110).Currentitem,8)</visible>
						<animation type="Visible" reversible="false">
							<effect type="zoom" center="auto" start="400" end="100" tween="back" easing="out" time="750"/>
							<effect type="slide" delay="800" start="0,0" end="0,-200" time="450" tween="back" easing="out"/>
						</animation>
						<width>auto</width>
						<height>125</height>
						<label>$INFO[Container(110).ListItem.Property(part3)]</label>
						<font>lyrics8</font>
						<shadowcolor>black</shadowcolor>
						<align>center</align>
						<aligny>center</aligny>
						<textcolor>$PARAM[colorlyr83]</textcolor>
					</control>
				</control>
				<control type="textbox">
					<left>610</left>
					<top>175</top>
					<width>700</width>
					<height>600</height>
					<visible>String.EndsWith(Container(110).Currentitem,8)</visible>
					<animation type="Visible" reversible="false">
						<effect type="slide" delay="1100" start="400,0" end="0,0" time="200" tween="sine" easing="out"/>
						<effect type="rotate" delay="1100" center="auto" start="4" end="0" time="600" tween="bounce" easing="out"/>
					</animation>
					<label> $INFO[Container(110).ListItem.Property(part4)]</label>
					<font>lyrics8b</font>
					<shadowcolor>black</shadowcolor>
					<align>center</align>
					<aligny>top</aligny>
					<textcolor>$PARAM[colorlyr84]</textcolor>
				</control>
			</control>
		</definition>
	</include>

	<include name="Dem_lyr9">
		<param name="colorlyr91" default="black"/>
		<param name="left9" default="10"/>
		<param name="top9" default="0"/>
		<definition>
			<control type="group">
				<top>$PARAM[top9]</top>
				<left>$PARAM[left9]</left>
				<control type="label">
					<visible>String.EndsWith(Container(110).Currentitem,9)</visible>
					<animation type="Visible" reversible="false">
						<effect type="zoom" center="auto" start="0" end="100" time="200"/>
					</animation>
					<left>40</left>
					<top>5</top>
					<width>1820</width>
					<height>400</height>
					<label>$INFO[Container(110).ListItem.Property(part1)]</label>
					<font>lyrics9</font>
					<shadowcolor>black</shadowcolor>
					<scroll>true</scroll>
					<scrollspeed>100</scrollspeed>
					<scrollsuffix> </scrollsuffix>
					<align>center</align>
					<aligny>top</aligny>
					<textcolor>$PARAM[colorlyr91]</textcolor>
				</control>
			</control>
		</definition>
	</include>

	<include name="Dem_lyr9b">
		<param name="colorlyr92b" default="black"/>
		<param name="colorlyr93b" default="black"/>
		<param name="left9b" default="10"/>
		<param name="top9b" default="180"/>
		<definition>
			<control type="grouplist">
				<top>$PARAM[top9b]</top>
				<left>$PARAM[left9b]</left>
				<width>1900</width>
				<height>350</height>
				<itemgap>45</itemgap>
				<scrolltime>0</scrolltime>
				<orientation>horizontal</orientation>
				<visible>true</visible>
				<align>center</align>
				<control type="label">
					<visible>String.EndsWith(Container(110).Currentitem,9)</visible>
					<width>auto</width>
					<height>350</height>
					<label>$INFO[Container(110).ListItem.Property(part2)]</label>
					<font>lyrics9b</font>
					<align>center</align>
					<aligny>top</aligny>
					<textcolor>01FFFFFF</textcolor>
				</control>
				<control type="label">
					<visible>String.EndsWith(Container(110).Currentitem,9)</visible>
					<animation type="Visible" reversible="false">
						<effect type="zoom" delay="500" center="auto" start="0" end="100" time="200"/>
					</animation>
					<width>auto</width>
					<height>350</height>
					<label>$INFO[Container(110).ListItem.Property(part3)]</label>
					<font>lyrics9c</font>
					<shadowcolor>black</shadowcolor>
					<align>center</align>
					<aligny>center</aligny>
					<textcolor>$PARAM[colorlyr93b]</textcolor>
				</control>
			</control>
			<control type="grouplist">
				<top>$PARAM[top9b]</top>
				<left>$PARAM[left9b]</left>
				<width>1900</width>
				<height>350</height>
				<itemgap>45</itemgap>
				<scrolltime>0</scrolltime>
				<orientation>horizontal</orientation>
				<visible>true</visible>
				<align>center</align>
				<control type="label">
					<visible>String.EndsWith(Container(110).Currentitem,9)</visible>
					<animation type="Visible" reversible="false">
						<effect type="zoom" delay="250" center="auto" start="0" end="100" time="200"/>
					</animation>
					<width>auto</width>
					<height>350</height>
					<label>$INFO[Container(110).ListItem.Property(part2)]</label>
					<font>lyrics9b</font>
					<shadowcolor>black</shadowcolor>
					<align>center</align>
					<aligny>top</aligny>
					<textcolor>$PARAM[colorlyr92b]</textcolor>
				</control>
				<control type="label">
					<visible>String.EndsWith(Container(110).Currentitem,9)</visible>
					<width>auto</width>
					<height>350</height>
					<label>$INFO[Container(110).ListItem.Property(part3)]</label>
					<font>lyrics9c</font>
					<align>center</align>
					<aligny>center</aligny>
					<textcolor>01FFFFFF</textcolor>
				</control>
			</control>
		</definition>
	</include>

	<include name="Dem_lyr9c">
		<param name="colorlyr94" default="black"/>
		<param name="left9c" default="10"/>
		<param name="top9c" default="0"/>
		<definition>
			<control type="group">
				<top>$PARAM[top9c]</top>
				<left>$PARAM[left9c]</left>
				<control type="textbox">
					<left>600</left>
					<top>390</top>
					<width>700</width>
					<height>600</height>
					<visible>String.EndsWith(Container(110).Currentitem,9)</visible>
					<animation type="Visible" reversible="false">
						<effect type="zoom" delay="800" center="960,400" start="0" end="100" time="200"/>
					</animation>
					<label>$INFO[Container(110).ListItem.Property(part4)]</label>
					<font>lyrics9d</font>
					<shadowcolor>black</shadowcolor>
					<align>center</align>
					<aligny>top</aligny>
					<textcolor>$PARAM[colorlyr94]</textcolor>
				</control>
			</control>
		</definition>
	</include>

	<include name="line9">
		<width>900</width>
		<height>600</height>
		<font>lyrics9s</font>
		<align>center</align>
		<aligny>center</aligny>
	</include>

	<include name="Dem_lyr0">
		<param name="colorlyr01" default="black"/>
		<param name="colorlyr02" default="black"/>
		<param name="colorlyr03" default="black"/>
		<param name="colorlyr04" default="black"/>
		<param name="left0" default="10"/>
		<param name="top0" default="0"/>
		<definition>
			<control type="group">
				<top>$PARAM[top0]</top>
				<left>$PARAM[left0]</left>
				<control type="label">
					<visible>String.EndsWith(Container(110).Currentitem,0)</visible>
					<animation type="Visible" reversible="false">
						<effect type="slide" end="0,-115" time="250" tween="sine" easing="out"/>
						<effect type="slide" delay="300" end="0,-160" time="250" tween="sine" easing="out"/>
						<effect type="slide" delay="600" end="0,-160" time="250" tween="sine" easing="out"/>
						<effect type="slide" delay="1150" end="-200,0" time="250" tween="back" easing="out"/>
					</animation>
					<left>50</left>
					<top>520</top>
					<width>1085</width>
					<height>125</height>
					<label> $INFO[Container(110).ListItem.Property(part1)]</label>
					<font>lyrics0</font>
					<shadowcolor>black</shadowcolor>
					<align>right</align>
					<aligny>center</aligny>
					<textcolor>$PARAM[colorlyr01]</textcolor>
				</control>
				<control type="label">
					<left>50</left>
					<visible>String.EndsWith(Container(110).Currentitem,0)</visible>
					<animation type="Visible" reversible="false">
						<effect type="slide" delay="300" end="0,-160" time="250" tween="sine" easing="out"/>
						<effect type="slide" delay="600" end="0,-160" time="250" tween="sine" easing="out"/>
						<effect type="slide" delay="1150" end="-200,0" time="300" tween="back" easing="out"/>
					</animation>
					<top>520</top>
					<width>1085</width>
					<height>125</height>
					<label> $INFO[Container(110).ListItem.Property(part2)]</label>
					<font>lyrics0a</font>
					<shadowcolor>black</shadowcolor>
					<align>right</align>
					<aligny>center</aligny>
					<textcolor>$PARAM[colorlyr02]</textcolor>
				</control>
				<control type="label">
					<visible>String.EndsWith(Container(110).Currentitem,0)</visible>
					<animation type="Visible" reversible="false">
						<effect type="zoom" delay="600" center="960,540" start="0" end="100" time="250" tween="sine" easing="out"/>
						<effect type="slide" delay="1150" end="-200,0" time="350" tween="back" easing="out"/>
					</animation>
					<left>50</left>
					<top>350</top>
					<width>1085</width>
					<height>125</height>
					<label> $INFO[Container(110).ListItem.Property(part3)]</label>
					<font>lyrics0b</font>
					<shadowcolor>black</shadowcolor>
					<align>right</align>
					<aligny>center</aligny>
					<textcolor>$PARAM[colorlyr03]</textcolor>
				</control>
				<control type="textbox">
					<left>965</left>
					<top>-15</top>
					<width>700</width>
					<height>600</height>
					<visible>String.EndsWith(Container(110).Currentitem,0)</visible>
					<animation type="Visible" reversible="false">
						<effect type="zoom" delay="1100" center="auto" start="0" end="100" time="350" tween="back" easing="out"/>
						<effect type="rotate" delay="1100" center="auto" start="4" end="0" time="600" tween="bounce" easing="out"/>
					</animation>
					<label>$INFO[Container(110).ListItem.Property(part4)]</label>
					<font>lyrics0c</font>
					<shadowcolor>black</shadowcolor>
					<align>left</align>
					<aligny>center</aligny>
					<textcolor>$PARAM[colorlyr04]</textcolor>
				</control>
			</control>
		</definition>
	</include>

</includes>