<?xml version="1.0" encoding="UTF-8"?>
<includes>

    <variable name="CDArt">
		<value condition="!String.IsEmpty(ListItem.Art(discart))">$INFO[ListItem.Art(discart)]</value>
		<value condition="Integer.IsGreater(ListItem.VideoResolution,719)">common/cdart_hd.png</value>
		<value condition="!String.IsEmpty(ListItem.VideoResolution)">common/cdart_sd.png</value>
	</variable>

	<variable name="PlayerPoster">
		<value condition="!String.IsEmpty(Player.Art(tvshow.poster))">$INFO[Player.Art(tvshow.poster)]</value>
        <value condition="!String.IsEmpty(Window(Home).Property(SkinHelper.Player.Art.Poster))">$INFO[Window(Home).Property(SkinHelper.Player.Art.Poster)]</value>		
        <value condition="!String.IsEmpty(Player.Art(poster))">$INFO[Player.Art(poster)]</value>  
		<value condition="String.IsEmpty(Player.Art(poster))">$INFO[Player.Art(thumb)]</value>
		<value>$INFO[VideoPlayer.Cover]</value>
    </variable>

	<variable name="ClearArt">
		<value condition="!String.IsEmpty(ListItem.Art(tvshow.clearart))">$INFO[ListItem.Art(tvshow.clearart)]</value>
		<value condition="!String.IsEmpty(ListItem.Art(clearart))">$INFO[ListItem.Art(clearart)]</value>
		<value condition="Window.IsVisible(script-skin_helper_service-CustomInfo.xml) + !String.IsEmpty(Container(999).ListItem.Art(tvshow.clearart))">$INFO[Container(999).ListItem.Art(tvshow.clearart)]</value>
		<value condition="Window.IsVisible(script-skin_helper_service-CustomInfo.xml) + !String.IsEmpty(Container(999).ListItem.Art(clearart))">$INFO[Container(999).ListItem.Art(clearart)]</value>
	</variable>
	
	<variable name="ClearArt_View">
		<value condition="!String.IsEmpty(ListItem.Art(tvshow.clearart))">$INFO[ListItem.Art(tvshow.clearart)]</value>
		<value condition="!String.IsEmpty(ListItem.Art(clearart))">$INFO[ListItem.Art(clearart)]</value>
		<value condition="!String.IsEmpty(ListItem.Art(tvshow.clearlogo))">$INFO[ListItem.Art(tvshow.clearlogo)]</value>
		<value condition="!String.IsEmpty(ListItem.Art(clearlogo))">$INFO[ListItem.Art(clearlogo)]</value>
	</variable>

	<variable name="PlayerClearArt">
		<value condition="!String.IsEmpty(Player.Art(tvshow.clearart))">$INFO[Player.Art(tvshow.clearart)]</value>
		<value condition="!String.IsEmpty(Player.Art(tvshow.clearlogo))">$INFO[Player.Art(tvshow.clearlogo)]</value>
		<value condition="!String.IsEmpty(Player.Art(clearart))">$INFO[Player.Art(clearart)]</value>		
		<value condition="!String.IsEmpty(Player.Art(clearlogo))">$INFO[Player.Art(clearlogo)]</value>
		<value>$INFO[Window(Home).Property(SkinHelper.Player.Art.Clearart)]</value>
		<value>$INFO[Window(Home).Property(SkinHelper.Player.Art.Clearlogo)]</value>	
		<value>$INFO[Player.Art(clearart)]</value>
		<value>$INFO[Player.Art(clearlogo)]</value>
    </variable>

	<variable name="MusicClearLogo">
		<value condition="!String.IsEmpty(ListItem.AlbumArtist)">$INFO[Skin.String(artworklocation)]$INFO[ListItem.AlbumArtist]/logo.png</value>
		<value>$INFO[Skin.String(artworklocation)]$INFO[ListItem.Artist]/logo.png</value>
	</variable>
	
    <variable name="ClearLogoTop">
        <value condition="!String.IsEmpty(ListItem.Art(clearlogo))">$INFO[ListItem.Art(clearlogo)]</value>
        <value condition="!String.IsEmpty(ListItem.Art(tvshow.clearlogo))">$INFO[ListItem.Art(tvshow.clearlogo)]</value>
		<value condition="!String.IsEmpty(Window(Home).Property(SkinHelper.ListItem.Art.Clearlogo))">$INFO[Window(Home).Property(SkinHelper.ListItem.Art.Clearlogo)]</value>
        <value condition="!String.IsEmpty(Container(9500).ListItem.Art(clearlogo)) + Skin.HasSetting(furniture.showhublogo) + !Control.IsVisible(9499)">$INFO[Container(9500).ListItem.Art(clearlogo)]</value>
        <value condition="!String.IsEmpty(Container(9500).ListItem.Art(tvshow.clearlogo)) + Skin.HasSetting(furniture.showhublogo) + !Control.IsVisible(9499)">$INFO[Container(9500).ListItem.Art(tvshow.clearlogo)]</value>
		<value condition="!String.IsEmpty(Window(9500).Property(SkinHelper.ListItem.Art.Clearlogo)) + Skin.HasSetting(furniture.showhublogo) + !Control.IsVisible(9499)">$INFO[Window(9500).Property(SkinHelper.ListItem.Art.Clearlogo)]</value>			
		<value condition="!String.IsEmpty(Container(9001).ListItem.Art(clearlogo))">$INFO[Container(9001).ListItem.Art(clearlogo)]</value>
        <value condition="!String.IsEmpty(Container(9001).ListItem.Art(tvshow.clearlogo))">$INFO[Container(9001).ListItem.Art(tvshow.clearlogo)]</value>
		<value condition="!String.IsEmpty(Window(9001).Property(SkinHelper.ListItem.Art.Clearlogo))">$INFO[Window(9001).Property(SkinHelper.ListItem.Art.Clearlogo)]</value>		
        <value condition="String.Contains(Container.FolderPath,video.youtube)">logos/Youtube_logo.png</value>
        <value condition="String.Contains(Container.FolderPath,video.dailymotion)">logos/Dailymotion_logo.png</value>
        <value condition="String.Contains(Container.FolderPath,video.cine.fr)">logos/CineFR_logo.png</value>
        <value condition="String.Contains(Container.FolderPath,video.vstream)">logos/VStream_logo.png</value>
        <value condition="String.Contains(Container.FolderPath,video.freplay)">logos/FReplay_logo.png</value>
        <value condition="String.Contains(Container.FolderPath,video.allocine)">logos/Allocine_logo.png</value>
    </variable>
 
    <variable name="MusicCDArt">
		<value>$INFO[Skin.String(musiccdart.location)]$INFO[ListItem.Artist]$INFO[ListItem.Album]/disc.png</value>		
		<value>$INFO[Skin.String(musiccdart.location)]$INFO[ListItem.Artist]$INFO[ListItem.Album]/cdart.png</value>
    </variable>	

    <variable name="Image_Poster">
        <value condition="[Window.IsVisible(script-script.extendedinfo-DialogVideoInfo.xml) | Window.IsVisible(script-script.extendedinfo-DialogInfo.xml)] + Control.IsVisible(150) + !String.IsEmpty(Container(150).ListItem.Icon)">$INFO[Container(150).ListItem.Icon]</value>
        <value condition="[Window.IsVisible(script-script.extendedinfo-DialogVideoInfo.xml) | Window.IsVisible(script-script.extendedinfo-DialogInfo.xml)] + Control.IsVisible(250) + !String.IsEmpty(Container(250).ListItem.Icon)">$INFO[Container(250).ListItem.Icon]</value>
        <value condition="[Window.IsVisible(script-script.extendedinfo-DialogVideoInfo.xml) | Window.IsVisible(script-script.extendedinfo-DialogInfo.xml)] + Control.IsVisible(350) + !String.IsEmpty(Container(350).ListItem.Icon)">$INFO[Container(350).ListItem.Icon]</value>
        <value condition="[Window.IsVisible(script-script.extendedinfo-DialogVideoInfo.xml) | Window.IsVisible(script-script.extendedinfo-DialogInfo.xml)] + Control.IsVisible(450) + !String.IsEmpty(Container(450).ListItem.Icon)">$INFO[Container(450).ListItem.Icon]</value>
        <value condition="[Window.IsVisible(script-script.extendedinfo-DialogVideoInfo.xml) | Window.IsVisible(script-script.extendedinfo-DialogInfo.xml)] + Control.IsVisible(550) + !String.IsEmpty(Container(550).ListItem.Icon)">$INFO[Container(550).ListItem.Icon]</value>
        <value condition="[Window.IsVisible(script-script.extendedinfo-DialogVideoInfo.xml) | Window.IsVisible(script-script.extendedinfo-DialogInfo.xml)] + Control.IsVisible(650) + !String.IsEmpty(Container(650).ListItem.Icon)">$INFO[Container(650).ListItem.Icon]</value>
        <value condition="[Window.IsVisible(script-script.extendedinfo-DialogVideoInfo.xml) | Window.IsVisible(script-script.extendedinfo-DialogInfo.xml)] + Control.IsVisible(750) + !String.IsEmpty(Container(750).ListItem.Icon)">$INFO[Container(750).ListItem.Icon]</value>
        <value condition="[Window.IsVisible(script-script.extendedinfo-DialogVideoInfo.xml) | Window.IsVisible(script-script.extendedinfo-DialogInfo.xml)] + Control.IsVisible(850) + !String.IsEmpty(Container(850).ListItem.Icon)">$INFO[Container(850).ListItem.Icon]</value>
        <value condition="[Window.IsVisible(script-script.extendedinfo-DialogVideoInfo.xml) | Window.IsVisible(script-script.extendedinfo-DialogInfo.xml)] + Control.IsVisible(950) + !String.IsEmpty(Container(950).ListItem.Icon)">$INFO[Container(950).ListItem.Icon]</value>
        <value condition="[Window.IsVisible(script-script.extendedinfo-DialogVideoInfo.xml) | Window.IsVisible(script-script.extendedinfo-DialogInfo.xml)] + Control.IsVisible(1000) + !String.IsEmpty(Container(1000).ListItem.Icon)">$INFO[Container(1000).ListItem.Icon]</value>
    <!--<value condition="[Window.IsVisible(script-script.extendedinfo-DialogVideoInfo.xml) | Window.IsVisible(script-script.extendedinfo-DialogInfo.xml)] + Control.IsVisible(1050) + !String.IsEmpty(Container(1050).ListItem.Icon)">$INFO[Container(1050).ListItem.Icon]</value>-->
        <value condition="[Window.IsVisible(script-script.extendedinfo-DialogVideoInfo.xml) | Window.IsVisible(script-script.extendedinfo-DialogInfo.xml)] + Control.IsVisible(1150) + !String.IsEmpty(Container(1150).ListItem.Icon)">$INFO[Container(1150).ListItem.Icon]</value>
        <value condition="[Window.IsVisible(script-script.extendedinfo-DialogVideoInfo.xml) | Window.IsVisible(script-script.extendedinfo-DialogInfo.xml)] + Control.IsVisible(1250) + !String.IsEmpty(Container(1250).ListItem.Icon)">$INFO[Container(1250).ListItem.Icon]</value>
        <value condition="[Window.IsVisible(script-script.extendedinfo-DialogVideoInfo.xml) | Window.IsVisible(script-script.extendedinfo-DialogInfo.xml)] + Control.IsVisible(1350) + !String.IsEmpty(Container(1350).ListItem.Icon)">$INFO[Container(1350).ListItem.Icon]</value>
        <value condition="[Window.IsVisible(script-script.extendedinfo-DialogVideoInfo.xml) | Window.IsVisible(script-script.extendedinfo-DialogInfo.xml)] + Control.IsVisible(1450) + !String.IsEmpty(Container(1450).ListItem.Icon)">$INFO[Container(1450).ListItem.Icon]</value>
        <value condition="[Window.IsVisible(script-script.extendedinfo-DialogVideoInfo.xml) | Window.IsVisible(script-script.extendedinfo-DialogInfo.xml)] + !String.IsEmpty(Window.Property(thumb))">$INFO[Window.Property(thumb)]</value>
        <value condition="[Window.IsVisible(script-script.extendedinfo-DialogVideoInfo.xml) | Window.IsVisible(script-script.extendedinfo-DialogInfo.xml)] + !String.IsEmpty(Window.Property(actor.thumb))">$INFO[Window.Property(actor.thumb)]</value>
        <value condition="[Window.IsVisible(script-script.extendedinfo-DialogVideoInfo.xml) | Window.IsVisible(script-script.extendedinfo-DialogInfo.xml)] + !String.IsEmpty(Window.Property(movie.thumb))">$INFO[Window.Property(movie.thumb)]</value>
        <value condition="Window.IsVisible(DialogVideoInfo.xml) + !String.IsEmpty(Window.Property(list))">$INFO[Container(9500).ListItem.Icon]</value>
        <value condition="Window.IsVisible(DialogVideoInfo.xml) + String.IsEqual(Control.GetLabel(5),$LOCALIZE[207])">$INFO[Container(50).ListItem.Icon]</value>
        <value condition="Container.Content(genres) + Window.IsVisible(MyVideoNav.xml) + !String.IsEmpty(Skin.String(genre.icons.path)) + String.IsEqual(Skin.String(genre.icons.ext),.jpg)">$INFO[Skin.String(genre.icons.path)]$INFO[ListItem.Label,,.jpg]</value>
        <value condition="Container.Content(genres) + Window.IsVisible(MyVideoNav.xml) + !String.IsEmpty(Skin.String(genre.icons.path)) + String.IsEqual(Skin.String(genre.icons.ext),.png)">$INFO[Skin.String(genre.icons.path)]$INFO[ListItem.Label,,.png]</value>
        <value condition="Container.Content(genres) + Window.IsVisible(MyMusicNav.xml) + !String.IsEmpty(Skin.String(genre.music.path)) + String.IsEqual(Skin.String(genre.music.ext),.jpg)">$INFO[Skin.String(genre.music.path)]$INFO[ListItem.Label,,.jpg]</value>
        <value condition="Container.Content(genres) + Window.IsVisible(MyMusicNav.xml) + !String.IsEmpty(Skin.String(genre.music.path)) + String.IsEqual(Skin.String(genre.music.ext),.png)">$INFO[Skin.String(genre.music.path)]$INFO[ListItem.Label,,.png]</value>
        <value condition="Container.Content(studios) + Window.IsVisible(MyVideoNav.xml) + !String.IsEmpty(Skin.String(studio.logos.path))">$INFO[Skin.String(studio.logos.path),,/]$INFO[ListItem.Label,,.png]</value>
        <value condition="Container.Content(studios) + Window.IsVisible(MyMusicNav.xml) + !String.IsEmpty(Skin.String(record.labels.path))">$INFO[Skin.String(record.labels.path),,/]$INFO[ListItem.Label,,.png]</value>		
		<value condition="Skin.HasSetting(SkinHelperAnimations) + !String.IsEmpty(ListItem.Art(animatedposter))">$INFO[ListItem.Art(animatedposter)]</value>
		<value condition="!String.IsEmpty(ListItem.Art(poster))">$INFO[ListItem.Art(poster)]</value>
        <value condition="Window.IsVisible(script-skin_helper_service-CustomInfo.xml)">$INFO[Container(999).ListItem.Art(poster)]</value>
        <value condition="!String.IsEmpty(ListItem.Art(tvshow.poster))">$INFO[ListItem.Art(tvshow.poster)]</value>
        <value>$INFO[ListItem.Icon]</value>
    </variable>

    <variable name="Image_Thumb2">
        <value condition="!String.IsEmpty(ListItem.Thumb) + Container.Content(videos)">$INFO[ListItem.Thumb]</value>		
        <value condition="!String.IsEmpty(ListItem.Art(landscape)) + Skin.HasSetting(show.tvshowsthumbs)">$INFO[ListItem.Art(landscape)]</value>
        <value condition="Skin.HasSetting(SkinHelperAnimations) + !String.IsEmpty(ListItem.Art(animatedfanart)) + !Container.Content(episodes)">$INFO[ListItem.Art(animatedfanart)]</value>		
        <value condition="!String.IsEmpty(ListItem.Art(fanart)) + !Container.Content(episodes)">$INFO[ListItem.Art(fanart)]</value>
        <value condition="!String.IsEmpty(ListItem.Thumb) + Window.IsVisible(MyPics.xml) + Container.Content(episodes)">$INFO[ListItem.Thumb]</value>		
		<value>$INFO[ListItem.Icon]</value>
    </variable>
    
    <variable name="Image_Thumb">
	    <value condition="!String.IsEmpty(ListItem.Thumb) + Container.Content(videos)">$INFO[ListItem.Thumb]</value>
        <value condition="!String.IsEmpty(ListItem.Art(landscape)) + Skin.HasSetting(show.moviesthumbs)">$INFO[ListItem.Art(landscape)]</value>
        <value condition="Skin.HasSetting(SkinHelperAnimations) + !String.IsEmpty(ListItem.Art(animatedfanart)) + !Container.Content(episodes)">$INFO[ListItem.Art(animatedfanart)]</value>		
        <value condition="!String.IsEmpty(ListItem.Art(fanart)) + !Container.Content(episodes)">$INFO[ListItem.Art(fanart)]</value>
        <value condition="!String.IsEmpty(ListItem.Thumb) + Window.IsVisible(MyPics.xml) + Container.Content(episodes)">$INFO[ListItem.Thumb]</value>        
		<value>$INFO[ListItem.Icon]</value>
    </variable>

    <variable name="Image_PVRThumb">
        <value condition="!String.IsEmpty(Window(Home).Property(SkinHelper.PVR.FanArt))">$INFO[Window(Home).Property(SkinHelper.PVR.FanArt)]</value>
        <value>$INFO[ListItem.Icon]</value>
    </variable>

    <variable name="Image_Icon">   
        <value condition="Container.Content(genres)">http://localhost:52307/getvarimage&amp;title=$INFO{Skin.String(genre.icons.path)}$INFO[ListItem.Label,,.jpg]&amp;fallback=$INFO[ListItem.Icon]</value>				
		<value>$INFO[ListItem.Icon]</value>
    </variable>

    <variable name="Image_Fanart">
        <value condition="!String.IsEmpty(ListItem.Art(fanart))">$INFO[ListItem.Art(fanart)]</value>		
    </variable>

    <variable name="Image_Banner">
        <value condition="!String.IsEmpty(ListItem.Art(banner))">$INFO[ListItem.Art(banner)]</value>
        <value condition="!String.IsEmpty(ListItem.Art(tvshow.banner))">$INFO[ListItem.Art(tvshow.banner)]</value>
        <value>$VAR[Image_Fanart]</value>
    </variable>

    <variable name="Image_RSS_Icon">    
        <value condition="Window.IsVisible(SettingsCategory.xml) | Window.IsVisible(SkinSettings.xml)">common/info.png</value>
        <value condition="Player.HasMedia + Player.Paused">common/pause.png</value>
        <value condition="Player.HasMedia + !Player.Paused">common/play.png</value>
        <value condition="!String.IsEmpty(Window(Home).Property(NextAired.NextDate)) + !Skin.HasSetting(hidenextairedinfos)">common/nextaired.png</value>
        <value condition="String.IsEmpty(Window(Home).Property(NextAired.NextDate)) + !String.IsEmpty(Window(Home).Property(NextAired.LatestTitle)) + !Skin.HasSetting(hidenextairedinfos)">common/nextaired.png</value>        
        <value condition="Window.IsVisible(MyVideoNav.xml) + !Skin.HasSetting(furniture.showflags) + [!String.IsEmpty(Window(Home).Property(SkinHelper.ListItem.Budget.formatted)) | !String.IsEmpty(Window(Home).Property(SkinHelper.ListItem.Revenue.formatted)) | !String.IsEmpty(Window(Home).Property(SkinHelper.ListItem.BoxOffice)) | !String.IsEmpty(ListItem.Director)]">common/nextaired.png</value>
		<value condition="Window.IsVisible(AddonBrowser.xml)">common/rss_update.png</value>
    </variable>

    <variable name="Image_Background">
        <value condition="Window.IsVisible(script-script.extendedinfo-VideoList.xml)">$INFO[Container(500).ListItem.Art(fanart)]</value>
        <value condition="Window.IsVisible(script-script.extendedinfo-DialogVideoInfo.xml) + !String.IsEmpty(Window(home).Property(ExtendedInfo_fanart))">$INFO[Window(home).Property(ExtendedInfo_fanart)]</value>
        <value condition="Window.IsVisible(script-script.extendedinfo-DialogVideoInfo.xml) | Window.IsVisible(script-script.extendedinfo-DialogInfo.xml)">special://skin/extras/backgrounds/actor.jpg</value>
        <value condition="Window.IsVisible(weather) + !String.IsEmpty(Skin.String(weather.fanart.path))">$INFO[Skin.String(weather.fanart.path)]$INFO[Window(Weather).Property(Current.FanartCode)]/</value>      
        <value condition="Window.IsVisible(home) + [String.IsEqual(Container(9000).ListItem.Property(widget),Weather) | [String.IsEmpty(Container(9000).ListItem.Property(widget)) + String.IsEqual(Skin.String(home.fallbackwidget),Weather)]] + !String.IsEmpty(Skin.String(weather.fanart.path)) + ![!String.IsEmpty(Container(9002).ListItem.Property(Background)) + !String.IsEmpty(Window(home).Property(submenumouse))] + String.EndsWith(Container(9001).ListItem.FileNameAndPath,jpg)">$INFO[Container(9001).ListItem.FileNameAndPath]</value>
        <value condition="Window.IsVisible(home) + String.IsEqual(Container(9000).ListItem.Property(widgetTarget),pictures) + !String.IsEmpty(Container(9001).ListItem.Icon)">$INFO[Container(9001).ListItem.Icon]</value>       
        <value condition="Window.IsVisible(home) + !String.IsEmpty(Container(9001).ListItem.Art(fanart)) + ![!String.IsEmpty(Container(9002).ListItem.Property(Background)) + !String.IsEmpty(Window(home).Property(submenumouse))] + !Skin.HasSetting(replace.widgetbackground)">$INFO[Container(9001).ListItem.Art(fanart)]</value>
        <value condition="Window.IsVisible(home) + String.IsEqual(Container(9000).ListItem.Property(background),playlistBackground)">$INFO[Container(9988).ListItem.Art(fanart)]</value>
        <value condition="Window.IsVisible(home) + !String.IsEmpty(Container(9000).ListItem.Property(Background)) + ![!String.IsEmpty(Container(9002).ListItem.Property(Background)) + !String.IsEmpty(Window(home).Property(submenumouse))]">$INFO[Container(9000).ListItem.Property(Background)]</value>      
        <value condition="Window.IsVisible(home) + [!String.IsEmpty(Container(9002).ListItem.Property(Background)) + !String.IsEmpty(Window(home).Property(submenumouse))]">$INFO[Container(9002).ListItem.Property(Background)]</value>        
        <value condition="[!String.IsEmpty(Container(9501).ListItem.Property(Background)) + Control.HasFocus(9501)]">$INFO[Container(9501).ListItem.Property(Background)]</value>    
		<value condition="!String.IsEmpty(Window(home).Property(SkinHelper.Music.Fanart)) + !Skin.HasSetting(global.fanart)">$INFO[Window(home).Property(SkinHelper.Music.Fanart)]</value>       
		<value condition="Window.IsVisible(home) + String.IsEmpty(Skin.String(background.fallback))">special://skin/extras/backgrounds/home.jpg</value>
        <value condition="Window.IsVisible(home) + !String.IsEmpty(Skin.String(background.fallback))">$INFO[Skin.String(background.fallback)]</value>
        <value condition="Skin.HasSetting(background.hidefanart) + String.IsEmpty(Skin.String(background.fallback))">common/black.png</value>
        <value condition="Skin.HasSetting(background.hidefanart) + !String.IsEmpty(Skin.String(background.fallback))">$INFO[Skin.String(background.fallback)]</value>
        <value condition="!String.IsEmpty(Container(9500).ListItem.Art(fanart)) + !Skin.HasSetting(global.fanart)">$INFO[Container(9500).ListItem.Art(fanart)]</value>
        <value condition="Skin.HasSetting(SkinHelperExtrafanart) + !String.IsEmpty(Window(Home).Property(SkinHelper.ListItem.Art.ExtraFanArt)) + !Skin.HasSetting(global.fanart)">$INFO[Window(Home).Property(SkinHelper.ListItem.Art.ExtraFanArt)]</value>
		<value condition="String.IsEmpty(Window(Home).Property(SkinHelper.ListItem.Art.ExtraFanArt)) + !String.IsEmpty(ListItem.Art(fanart)) + !Skin.HasSetting(global.fanart)">$INFO[ListItem.Art(fanart)]</value>
		<value condition="!Skin.HasSetting(SkinHelperExtrafanart) + !String.IsEmpty(ListItem.Art(fanart)) + !Skin.HasSetting(global.fanart)">$INFO[ListItem.Art(fanart)]</value>
        <value condition="!String.IsEmpty(Skin.String(background.fallback))">$INFO[Skin.String(background.fallback)]</value>
        <value condition="[Window.IsVisible(script-NextAired-TVGuide.xml) | Window.IsVisible(script-NextAired-TVGuide2.xml)]+ Control.HasFocus(200)">$INFO[Container(200).ListItem.Property(Fanart)]</value>
        <value condition="[Window.IsVisible(script-NextAired-TVGuide.xml) | Window.IsVisible(script-NextAired-TVGuide2.xml)] + Control.HasFocus(201)">$INFO[Container(201).ListItem.Property(Fanart)]</value>
        <value condition="[Window.IsVisible(script-NextAired-TVGuide.xml) | Window.IsVisible(script-NextAired-TVGuide2.xml)] + Control.HasFocus(202)">$INFO[Container(202).ListItem.Property(Fanart)]</value>
        <value condition="[Window.IsVisible(script-NextAired-TVGuide.xml) | Window.IsVisible(script-NextAired-TVGuide2.xml)] + Control.HasFocus(203)">$INFO[Container(203).ListItem.Property(Fanart)]</value>
        <value condition="[Window.IsVisible(script-NextAired-TVGuide.xml) | Window.IsVisible(script-NextAired-TVGuide2.xml)]+ Control.HasFocus(204)">$INFO[Container(204).ListItem.Property(Fanart)]</value>
        <value condition="[Window.IsVisible(script-NextAired-TVGuide.xml) | Window.IsVisible(script-NextAired-TVGuide2.xml)] + Control.HasFocus(205)">$INFO[Container(205).ListItem.Property(Fanart)]</value>
        <value condition="[Window.IsVisible(script-NextAired-TVGuide.xml) | Window.IsVisible(script-NextAired-TVGuide2.xml)] + Control.HasFocus(206)">$INFO[Container(206).ListItem.Property(Fanart)]</value>
        <value condition="Window.IsVisible(script-NextAired-TVGuide2.xml) + Control.HasFocus(207)">$INFO[Container(207).ListItem.Property(Fanart)]</value>
        <value condition="Window.IsVisible(script-NextAired-TVGuide2.xml) + Control.HasFocus(208)">$INFO[Container(208).ListItem.Property(Fanart)]</value>
        <value condition="Window.IsVisible(script-NextAired-TVGuide2.xml) + Control.HasFocus(209)">$INFO[Container(209).ListItem.Property(Fanart)]</value>
        <value condition="Window.IsVisible(script-NextAired-TVGuide2.xml) + Control.HasFocus(210)">$INFO[Container(210).ListItem.Property(Fanart)]</value>
        <value condition="Window.IsVisible(script-NextAired-TVGuide2.xml) + Control.HasFocus(211)">$INFO[Container(211).ListItem.Property(Fanart)]</value>
        <value condition="Window.IsVisible(script-NextAired-TVGuide2.xml) + Control.HasFocus(212)">$INFO[Container(212).ListItem.Property(Fanart)]</value>
        <value condition="Window.IsVisible(script-NextAired-TVGuide2.xml) + Control.HasFocus(213)">$INFO[Container(213).ListItem.Property(Fanart)]</value>
        <value condition="Window.IsVisible(script-NextAired-TVGuide2.xml) + Control.HasFocus(214)">$INFO[Container(214).ListItem.Property(Fanart)]</value>
        <value condition="Window.IsVisible(script-NextAired-TVGuide2.xml) + Control.HasFocus(215)">$INFO[Container(215).ListItem.Property(Fanart)]</value>
        <value>common/black.png</value>
    </variable>

    <variable name="Image_Indicator">
        <value condition="ListItem.IsPlaying + [String.IsEqual(Skin.String(indicators),$LOCALIZE[31735]) | String.IsEqual(Skin.String(indicators),$LOCALIZE[31736]) | String.IsEmpty(Skin.String(indicators))]">indicator/play.png</value>
        <value condition="ListItem.IsResumable + [String.IsEqual(Skin.String(indicators),$LOCALIZE[31735]) | String.IsEqual(Skin.String(indicators),$LOCALIZE[31736]) | String.IsEmpty(Skin.String(indicators))]">indicator/inprogress.png</value>
        <value condition="String.IsEqual(ListItem.Overlay,OverlayWatched.png) + [String.IsEqual(Skin.String(indicators),$LOCALIZE[31735]) | String.IsEqual(Skin.String(indicators),$LOCALIZE[31736]) | String.IsEmpty(Skin.String(indicators))]">indicator/checkmark.png</value>
        <value condition="[String.Contains(ListItem.Overlay,OverlayUnwatched.png) + [[Container.Content(movies) + [String.IsEqual(Window(Home).Property(LatestMovie.1.Title),ListItem.Label) | String.IsEqual(Window(Home).Property(LatestMovie.2.Title),ListItem.Label) | String.IsEqual(Window(Home).Property(LatestMovie.3.Title),ListItem.Label) | String.IsEqual(Window(Home).Property(LatestMovie.4.Title),ListItem.Label) | String.IsEqual(Window(Home).Property(LatestMovie.5.Title),ListItem.Label) | String.IsEqual(Window(Home).Property(LatestMovie.6.Title),ListItem.Label) | String.IsEqual(Window(Home).Property(LatestMovie.7.Title),ListItem.Label) | String.IsEqual(Window(Home).Property(LatestMovie.8.Title),ListItem.Label) | String.IsEqual(Window(Home).Property(LatestMovie.9.Title),ListItem.Label) | String.IsEqual(Window(Home).Property(LatestMovie.10.Title),ListItem.Label)]] | [[Container.Content(tvshows)] + [String.IsEqual(Window(Home).Property(LatestEpisode.1.ShowTitle),ListItem.TvShowTitle) | String.IsEqual(Window(Home).Property(LatestEpisode.2.ShowTitle),ListItem.TvShowTitle) | String.IsEqual(Window(Home).Property(LatestEpisode.3.ShowTitle),ListItem.TvShowTitle) | String.IsEqual(Window(Home).Property(LatestEpisode.4.ShowTitle),ListItem.TvShowTitle) | String.IsEqual(Window(Home).Property(LatestEpisode.5.ShowTitle),ListItem.TvShowTitle) | String.IsEqual(Window(Home).Property(LatestEpisode.6.ShowTitle),ListItem.TvShowTitle) | String.IsEqual(Window(Home).Property(LatestEpisode.7.ShowTitle),ListItem.TvShowTitle) | String.IsEqual(Window(Home).Property(LatestEpisode.8.ShowTitle),ListItem.TvShowTitle) | String.IsEqual(Window(Home).Property(LatestEpisode.9.ShowTitle),ListItem.TvShowTitle) | String.IsEqual(Window(Home).Property(LatestEpisode.10.ShowTitle),ListItem.TvShowTitle)]] | [Container.Content(episodes) + [String.IsEqual(Window(Home).Property(LatestEpisode.1.EpisodeTitle),ListItem.Title) | String.IsEqual(Window(Home).Property(LatestEpisode.2.EpisodeTitle),ListItem.Title) | String.IsEqual(Window(Home).Property(LatestEpisode.3.EpisodeTitle),ListItem.Title) | String.IsEqual(Window(Home).Property(LatestEpisode.4.EpisodeTitle),ListItem.Title) | String.IsEqual(Window(Home).Property(LatestEpisode.5.EpisodeTitle),ListItem.Title) | String.IsEqual(Window(Home).Property(LatestEpisode.6.EpisodeTitle),ListItem.Title) | String.IsEqual(Window(Home).Property(LatestEpisode.7.EpisodeTitle),ListItem.Title) | String.IsEqual(Window(Home).Property(LatestEpisode.8.EpisodeTitle),ListItem.Title) | String.IsEqual(Window(Home).Property(LatestEpisode.9.EpisodeTitle),ListItem.Title) | String.IsEqual(Window(Home).Property(LatestEpisode.10.EpisodeTitle),ListItem.Title)]]]] + [String.IsEqual(Skin.String(indicators),$LOCALIZE[31735]) | String.IsEqual(Skin.String(indicators),$LOCALIZE[31736]) | String.IsEmpty(Skin.String(indicators))]">indicator/new.png</value>
        <value condition="String.IsEqual(ListItem.Overlay,OverlayUnwatched.png) + [String.IsEqual(Skin.String(indicators),$LOCALIZE[31735]) | String.IsEmpty(Skin.String(indicators))] + !String.IsEqual(Skin.String(indicators),$LOCALIZE[31736])">indicator/unwatched.png</value>
    </variable>
    
    <variable name="Image_Indicator_Back">
        <value condition="ListItem.IsPlaying + [String.IsEqual(Skin.String(indicators),$LOCALIZE[31735]) | String.IsEqual(Skin.String(indicators),$LOCALIZE[31736]) | String.IsEmpty(Skin.String(indicators))]">indicator/back.png</value>
        <value condition="ListItem.IsResumable + [String.IsEqual(Skin.String(indicators),$LOCALIZE[31735]) | String.IsEqual(Skin.String(indicators),$LOCALIZE[31736]) | String.IsEmpty(Skin.String(indicators))]">indicator/back.png</value>
        <value condition="String.IsEqual(ListItem.Overlay,OverlayWatched.png) + [String.IsEqual(Skin.String(indicators),$LOCALIZE[31735]) | String.IsEqual(Skin.String(indicators),$LOCALIZE[31736]) | String.IsEmpty(Skin.String(indicators))]">indicator/back.png</value>
        <value condition="[String.Contains(ListItem.Overlay,OverlayUnwatched.png) + [[Container.Content(movies) + [String.IsEqual(Window(Home).Property(LatestMovie.1.Title),ListItem.Label) | String.IsEqual(Window(Home).Property(LatestMovie.2.Title),ListItem.Label) | String.IsEqual(Window(Home).Property(LatestMovie.3.Title),ListItem.Label) | String.IsEqual(Window(Home).Property(LatestMovie.4.Title),ListItem.Label) | String.IsEqual(Window(Home).Property(LatestMovie.5.Title),ListItem.Label) | String.IsEqual(Window(Home).Property(LatestMovie.6.Title),ListItem.Label) | String.IsEqual(Window(Home).Property(LatestMovie.7.Title),ListItem.Label) | String.IsEqual(Window(Home).Property(LatestMovie.8.Title),ListItem.Label) | String.IsEqual(Window(Home).Property(LatestMovie.9.Title),ListItem.Label) | String.IsEqual(Window(Home).Property(LatestMovie.10.Title),ListItem.Label)]] | [[Container.Content(tvshows)] + [String.IsEqual(Window(Home).Property(LatestEpisode.1.ShowTitle),ListItem.TvShowTitle) | String.IsEqual(Window(Home).Property(LatestEpisode.2.ShowTitle),ListItem.TvShowTitle) | String.IsEqual(Window(Home).Property(LatestEpisode.3.ShowTitle),ListItem.TvShowTitle) | String.IsEqual(Window(Home).Property(LatestEpisode.4.ShowTitle),ListItem.TvShowTitle) | String.IsEqual(Window(Home).Property(LatestEpisode.5.ShowTitle),ListItem.TvShowTitle) | String.IsEqual(Window(Home).Property(LatestEpisode.6.ShowTitle),ListItem.TvShowTitle) | String.IsEqual(Window(Home).Property(LatestEpisode.7.ShowTitle),ListItem.TvShowTitle) | String.IsEqual(Window(Home).Property(LatestEpisode.8.ShowTitle),ListItem.TvShowTitle) | String.IsEqual(Window(Home).Property(LatestEpisode.9.ShowTitle),ListItem.TvShowTitle) | String.IsEqual(Window(Home).Property(LatestEpisode.10.ShowTitle),ListItem.TvShowTitle)]] | [Container.Content(episodes) + [String.IsEqual(Window(Home).Property(LatestEpisode.1.EpisodeTitle),ListItem.Title) | String.IsEqual(Window(Home).Property(LatestEpisode.2.EpisodeTitle),ListItem.Title) | String.IsEqual(Window(Home).Property(LatestEpisode.3.EpisodeTitle),ListItem.Title) | String.IsEqual(Window(Home).Property(LatestEpisode.4.EpisodeTitle),ListItem.Title) | String.IsEqual(Window(Home).Property(LatestEpisode.5.EpisodeTitle),ListItem.Title) | String.IsEqual(Window(Home).Property(LatestEpisode.6.EpisodeTitle),ListItem.Title) | String.IsEqual(Window(Home).Property(LatestEpisode.7.EpisodeTitle),ListItem.Title) | String.IsEqual(Window(Home).Property(LatestEpisode.8.EpisodeTitle),ListItem.Title) | String.IsEqual(Window(Home).Property(LatestEpisode.9.EpisodeTitle),ListItem.Title) | String.IsEqual(Window(Home).Property(LatestEpisode.10.EpisodeTitle),ListItem.Title)]]]] + [String.IsEqual(Skin.String(indicators),$LOCALIZE[31735]) | String.IsEqual(Skin.String(indicators),$LOCALIZE[31736]) | String.IsEmpty(Skin.String(indicators))]">indicator/back.png</value>
        <value condition="String.IsEqual(ListItem.Overlay,OverlayUnwatched.png) + [String.IsEqual(Skin.String(indicators),$LOCALIZE[31735]) | String.IsEmpty(Skin.String(indicators))] + !String.IsEqual(Skin.String(indicators),$LOCALIZE[31736])">indicator/back.png</value>
    </variable>
    
    <variable name="Image_Indicator_9001">
        <value condition="Container(9001).ListItem.IsPlaying">indicator/play.png</value>
        <value condition="Container(9001).ListItem.IsResumable">indicator/inprogress.png</value>
        <value condition="String.IsEqual(Container(9001).ListItem.Overlay,OverlayWatched.png)">indicator/checkmark.png</value>
        <value condition="[String.Contains(Container(9001).ListItem.Overlay,OverlayUnwatched.png) + [[Container(9001).Content(movies) + [String.IsEqual(Window(Home).Property(LatestMovie.1.Title),Container(9001).ListItem.Label) | String.IsEqual(Window(Home).Property(LatestMovie.2.Title),Container(9001).ListItem.Label) | String.IsEqual(Window(Home).Property(LatestMovie.3.Title),Container(9001).ListItem.Label) | String.IsEqual(Window(Home).Property(LatestMovie.4.Title),Container(9001).ListItem.Label) | String.IsEqual(Window(Home).Property(LatestMovie.5.Title),Container(9001).ListItem.Label) | String.IsEqual(Window(Home).Property(LatestMovie.6.Title),Container(9001).ListItem.Label) | String.IsEqual(Window(Home).Property(LatestMovie.7.Title),Container(9001).ListItem.Label) | String.IsEqual(Window(Home).Property(LatestMovie.8.Title),Container(9001).ListItem.Label) | String.IsEqual(Window(Home).Property(LatestMovie.9.Title),Container(9001).ListItem.Label) | String.IsEqual(Window(Home).Property(LatestMovie.10.Title),Container(9001).ListItem.Label)]] | [[Container(9001).Content(tvshows)] + [String.IsEqual(Window(Home).Property(LatestEpisode.1.ShowTitle),Container(9001).ListItem.TvShowTitle) | String.IsEqual(Window(Home).Property(LatestEpisode.2.ShowTitle),Container(9001).ListItem.TvShowTitle) | String.IsEqual(Window(Home).Property(LatestEpisode.3.ShowTitle),Container(9001).ListItem.TvShowTitle) | String.IsEqual(Window(Home).Property(LatestEpisode.4.ShowTitle),Container(9001).ListItem.TvShowTitle) | String.IsEqual(Window(Home).Property(LatestEpisode.5.ShowTitle),Container(9001).ListItem.TvShowTitle) | String.IsEqual(Window(Home).Property(LatestEpisode.6.ShowTitle),Container(9001).ListItem.TvShowTitle) | String.IsEqual(Window(Home).Property(LatestEpisode.7.ShowTitle),Container(9001).ListItem.TvShowTitle) | String.IsEqual(Window(Home).Property(LatestEpisode.8.ShowTitle),Container(9001).ListItem.TvShowTitle) | String.IsEqual(Window(Home).Property(LatestEpisode.9.ShowTitle),Container(9001).ListItem.TvShowTitle) | String.IsEqual(Window(Home).Property(LatestEpisode.10.ShowTitle),Container(9001).ListItem.TvShowTitle)]] | [Container(9001).Content(episodes) + [String.IsEqual(Window(Home).Property(LatestEpisode.1.EpisodeTitle),Container(9001).ListItem.Title) | String.IsEqual(Window(Home).Property(LatestEpisode.2.EpisodeTitle),Container(9001).ListItem.Title) | String.IsEqual(Window(Home).Property(LatestEpisode.3.EpisodeTitle),Container(9001).ListItem.Title) | String.IsEqual(Window(Home).Property(LatestEpisode.4.EpisodeTitle),Container(9001).ListItem.Title) | String.IsEqual(Window(Home).Property(LatestEpisode.5.EpisodeTitle),Container(9001).ListItem.Title) | String.IsEqual(Window(Home).Property(LatestEpisode.6.EpisodeTitle),Container(9001).ListItem.Title) | String.IsEqual(Window(Home).Property(LatestEpisode.7.EpisodeTitle),Container(9001).ListItem.Title) | String.IsEqual(Window(Home).Property(LatestEpisode.8.EpisodeTitle),Container(9001).ListItem.Title) | String.IsEqual(Window(Home).Property(LatestEpisode.9.EpisodeTitle),Container(9001).ListItem.Title) | String.IsEqual(Window(Home).Property(LatestEpisode.10.EpisodeTitle),Container(9001).ListItem.Title)]]]]">indicator/new.png</value>
        <value condition="String.IsEqual(Container(9001).ListItem.Overlay,OverlayUnwatched.png)">indicator/unwatched.png</value>
    </variable>
    
    <variable name="Image_Indicator_Back_9001">
        <value condition="Container(9001).ListItem.IsPlaying">indicator/back.png</value>
        <value condition="Container(9001).ListItem.IsResumable">indicator/back.png</value>
        <value condition="String.IsEqual(Container(9001).ListItem.Overlay,OverlayWatched.png)">indicator/back.png</value>
        <value condition="[String.Contains(Container(9001).ListItem.Overlay,OverlayUnwatched.png) + [[Container(9001).Content(movies) + [String.IsEqual(Window(Home).Property(LatestMovie.1.Title),Container(9001).ListItem.Label) | String.IsEqual(Window(Home).Property(LatestMovie.2.Title),Container(9001).ListItem.Label) | String.IsEqual(Window(Home).Property(LatestMovie.3.Title),Container(9001).ListItem.Label) | String.IsEqual(Window(Home).Property(LatestMovie.4.Title),Container(9001).ListItem.Label) | String.IsEqual(Window(Home).Property(LatestMovie.5.Title),Container(9001).ListItem.Label) | String.IsEqual(Window(Home).Property(LatestMovie.6.Title),Container(9001).ListItem.Label) | String.IsEqual(Window(Home).Property(LatestMovie.7.Title),Container(9001).ListItem.Label) | String.IsEqual(Window(Home).Property(LatestMovie.8.Title),Container(9001).ListItem.Label) | String.IsEqual(Window(Home).Property(LatestMovie.9.Title),Container(9001).ListItem.Label) | String.IsEqual(Window(Home).Property(LatestMovie.10.Title),Container(9001).ListItem.Label)]] | [[Container(9001).Content(tvshows)] + [String.IsEqual(Window(Home).Property(LatestEpisode.1.ShowTitle),Container(9001).ListItem.TvShowTitle) | String.IsEqual(Window(Home).Property(LatestEpisode.2.ShowTitle),Container(9001).ListItem.TvShowTitle) | String.IsEqual(Window(Home).Property(LatestEpisode.3.ShowTitle),Container(9001).ListItem.TvShowTitle) | String.IsEqual(Window(Home).Property(LatestEpisode.4.ShowTitle),Container(9001).ListItem.TvShowTitle) | String.IsEqual(Window(Home).Property(LatestEpisode.5.ShowTitle),Container(9001).ListItem.TvShowTitle) | String.IsEqual(Window(Home).Property(LatestEpisode.6.ShowTitle),Container(9001).ListItem.TvShowTitle) | String.IsEqual(Window(Home).Property(LatestEpisode.7.ShowTitle),Container(9001).ListItem.TvShowTitle) | String.IsEqual(Window(Home).Property(LatestEpisode.8.ShowTitle),Container(9001).ListItem.TvShowTitle) | String.IsEqual(Window(Home).Property(LatestEpisode.9.ShowTitle),Container(9001).ListItem.TvShowTitle) | String.IsEqual(Window(Home).Property(LatestEpisode.10.ShowTitle),Container(9001).ListItem.TvShowTitle)]] | [Container(9001).Content(episodes) + [String.IsEqual(Window(Home).Property(LatestEpisode.1.EpisodeTitle),Container(9001).ListItem.Title) | String.IsEqual(Window(Home).Property(LatestEpisode.2.EpisodeTitle),Container(9001).ListItem.Title) | String.IsEqual(Window(Home).Property(LatestEpisode.3.EpisodeTitle),Container(9001).ListItem.Title) | String.IsEqual(Window(Home).Property(LatestEpisode.4.EpisodeTitle),Container(9001).ListItem.Title) | String.IsEqual(Window(Home).Property(LatestEpisode.5.EpisodeTitle),Container(9001).ListItem.Title) | String.IsEqual(Window(Home).Property(LatestEpisode.6.EpisodeTitle),Container(9001).ListItem.Title) | String.IsEqual(Window(Home).Property(LatestEpisode.7.EpisodeTitle),Container(9001).ListItem.Title) | String.IsEqual(Window(Home).Property(LatestEpisode.8.EpisodeTitle),Container(9001).ListItem.Title) | String.IsEqual(Window(Home).Property(LatestEpisode.9.EpisodeTitle),Container(9001).ListItem.Title) | String.IsEqual(Window(Home).Property(LatestEpisode.10.EpisodeTitle),Container(9001).ListItem.Title)]]]]">indicator/back.png</value>       
        <value condition="String.IsEqual(Container(9001).ListItem.Overlay,OverlayUnwatched.png)">indicator/back.png</value>
	</variable>	
	
	<variable name="Player_UserRatingStar">
        <value condition="Integer.IsGreater(MusicPlayer.UserRating,9)">rating10</value>
        <value condition="Integer.IsGreater(MusicPlayer.UserRating,8)">rating9</value>
        <value condition="Integer.IsGreater(MusicPlayer.UserRating,7)">rating8</value>
        <value condition="Integer.IsGreater(MusicPlayer.UserRating,6)">rating7</value>
        <value condition="Integer.IsGreater(MusicPlayer.UserRating,5)">rating6</value>
        <value condition="Integer.IsGreater(MusicPlayer.UserRating,4)">rating5</value>
        <value condition="Integer.IsGreater(MusicPlayer.UserRating,3)">rating4</value>
        <value condition="Integer.IsGreater(MusicPlayer.UserRating,2)">rating3</value>
        <value condition="Integer.IsGreater(MusicPlayer.UserRating,1)">rating2</value>
        <value condition="Integer.IsGreater(MusicPlayer.UserRating,0)">rating1</value>
        <value>rating0</value>
    </variable>
	
	<variable name="Image_UserRatingStar">
        <value condition="Integer.IsGreater(ListItem.UserRating,9)">rating10</value>
        <value condition="Integer.IsGreater(ListItem.UserRating,8)">rating9</value>
        <value condition="Integer.IsGreater(ListItem.UserRating,7)">rating8</value>
        <value condition="Integer.IsGreater(ListItem.UserRating,6)">rating7</value>
        <value condition="Integer.IsGreater(ListItem.UserRating,5)">rating6</value>
        <value condition="Integer.IsGreater(ListItem.UserRating,4)">rating5</value>
        <value condition="Integer.IsGreater(ListItem.UserRating,3)">rating4</value>
        <value condition="Integer.IsGreater(ListItem.UserRating,2)">rating3</value>
        <value condition="Integer.IsGreater(ListItem.UserRating,1)">rating2</value>
        <value condition="Integer.IsGreater(ListItem.UserRating,0)">rating1</value>
        <value>rating0</value>
    </variable>	
	
	<variable name="RatingFlagVar">
		<value condition="String.Contains(ListItem.mpaa,TV-G) | String.Contains(ListItem.mpaa,TV - G)">indicator/mpaa/TV-G_Certificate_US</value>
		<value condition="String.Contains(ListItem.mpaa,TV-PG) | String.Contains(ListItem.mpaa,TV - PG)">indicator/mpaa/TV-PG_Certificate_US</value>
		<value condition="String.Contains(ListItem.mpaa,TV-14) | String.Contains(ListItem.mpaa,TV - 14)">indicator/mpaa/TV-14_Certificate_US</value>
		<value condition="String.Contains(ListItem.mpaa,TV-MA) | String.Contains(ListItem.mpaa,TV - MA)">indicator/mpaa/TV-MA_Certificate_US</value>
		<value condition="String.Contains(ListItem.mpaa,TV-Y7) | String.Contains(ListItem.mpaa,TV - Y7)">indicator/mpaa/tv-y7</value>
		<value condition="String.Contains(ListItem.mpaa,TV-Y) | String.Contains(ListItem.mpaa,TV - Y)">indicator/mpaa/tv-y</value>
		<value condition="String.Contains(ListItem.mpaa,US:G) | String.Contains(ListItem.mpaa,USA:G) | String.Contains(ListItem.mpaa,Rated G)">indicator/mpaa/MPAA_G_Certificate_US</value>
		<value condition="String.Contains(ListItem.mpaa,PG-13) | String.Contains(ListItem.mpaa,PG - 13)">indicator/mpaa/MPAA_PG-13_Certificate_US</value>
		<value condition="String.Contains(ListItem.mpaa,Rated PG) | String.Contains(ListItem.Mpaa,PG)">indicator/mpaa/MPAA_PG_Certificate_US</value>
		<value condition="String.Contains(ListItem.mpaa,US:R) | String.Contains(ListItem.mpaa,USA:R) | String.Contains(ListItem.mpaa,Rated R) | String.Contains(ListItem.mpaa,R)">indicator/mpaa/MPAA_R_Certificate_US</value>
		<value condition="String.Contains(ListItem.mpaa,US:NC-17)| String.Contains(ListItem.mpaa,USA:NC-17)| String.Contains(ListItem.mpaa,Rated NC-17) | String.Contains(ListItem.mpaa,Rated NC - 17)">indicator/mpaa/MPAA_NC-17_Certificate_US</value>
		<value condition="String.Contains(ListItem.mpaa,UK:U)">indicator/mpaa/BBFC_U_Certificate_UK</value>
		<value condition="String.Contains(ListItem.mpaa,UK:PG)">indicator/mpaa/BBFC_PG_Certificate_UK</value>
		<value condition="String.Contains(ListItem.mpaa,UK:12A)">indicator/mpaa/BBFC_12A_Certificate_UK</value>
		<value condition="String.Contains(ListItem.mpaa,UK:12)">indicator/mpaa/BBFC_12_Certificate_UK</value>
		<value condition="String.Contains(ListItem.mpaa,UK:15)">indicator/mpaa/BBFC_15_Certificate_UK</value>
		<value condition="String.Contains(ListItem.mpaa,UK:18)">indicator/mpaa/BBFC_18_Certificate_UK</value>
		<value condition="String.Contains(ListItem.mpaa,Germany:0) | String.Contains(ListItem.mpaa,ab 0) | String.Contains(ListItem.mpaa,o.A) | String.Contains(ListItem.mpaa,FSK 0) | String.Contains(ListItem.mpaa,FSK:0) | String.Contains(ListItem.mpaa,Rated 0)">indicator/mpaa/FSK-0</value>
		<value condition="String.Contains(ListItem.mpaa,Germany:6) |  String.Contains(ListItem.mpaa,ab 6) | !String.Contains(ListItem.mpaa,16) + String.Contains(ListItem.mpaa,6) | String.Contains(ListItem.mpaa,FSK 6) | String.Contains(ListItem.mpaa,FSK:6)">indicator/mpaa/FSK-6</value>
		<value condition="String.Contains(ListItem.mpaa,Germany:12) | String.Contains(ListItem.mpaa,ab 12) | String.Contains(ListItem.mpaa,12) | String.Contains(ListItem.mpaa,FSK 12) | String.Contains(ListItem.mpaa,FSK:12)">indicator/mpaa/FSK-12</value>
		<value condition="String.Contains(ListItem.mpaa,Germany:16) | String.Contains(ListItem.mpaa,ab 16) | String.Contains(ListItem.mpaa,16) | String.Contains(ListItem.mpaa,FSK 16) | String.Contains(ListItem.mpaa,FSK:16)">indicator/mpaa/FSK-16</value>
		<value condition="String.Contains(ListItem.mpaa,Germany:18) | String.Contains(ListItem.mpaa,ab 18) | String.Contains(ListItem.mpaa,18) | String.Contains(ListItem.mpaa,FSK 18) | String.Contains(ListItem.mpaa,FSK:18)">indicator/mpaa/FSK-18</value>
		<value condition="String.Contains(ListItem.mpaa,besorolás alatt)">indicator/mpaa/HU_BA</value>
		<value condition="String.Contains(ListItem.mpaa,korhatárra való tekintett nélkül megtekintetheto)">indicator/mpaa/HU_KN</value>
		<value condition="String.Contains(ListItem.mpaa,12 éven aluliak számára a megtekintése nagykorú felügyelete mellett ajánlott)">indicator/mpaa/HU_12</value>
		<value condition="String.Contains(ListItem.mpaa,16 éven aluliak számára nem ajánlott)">indicator/mpaa/HU_16</value>
		<value condition="String.Contains(ListItem.mpaa,18 éven aluliak számára nem ajánlott)">indicator/mpaa/HU_18</value>
		<value condition="String.Contains(ListItem.mpaa,France:U) | String.Contains(ListItem.mpaa,partir de 3 ans) | String.Contains(ListItem.mpaa,partir de 6 ans)">indicator/mpaa/csaU</value>
		<value condition="String.Contains(ListItem.mpaa,France:-10) | String.Contains(ListItem.mpaa,Interdit aux moins de 10 ans) | String.Contains(ListItem.mpaa,des propos ou des images peuvent heurter)">indicator/mpaa/csa10</value>
		<value condition="String.Contains(ListItem.mpaa,France:-12) | String.Contains(ListItem.mpaa,Interdit aux moins de 12 ans)">indicator/mpaa/csa12</value>
		<value condition="String.Contains(ListItem.mpaa,France:-16) | String.Contains(ListItem.mpaa,Interdit aux moins de 16 ans)">indicator/mpaa/csa16</value>
		<value condition="String.Contains(ListItem.mpaa,France:-18) | String.Contains(ListItem.mpaa,Interdit aux moins de 18 ans)">indicator/mpaa/csa18</value>
		<value condition="String.Contains(ListItem.mpaa,전체)">indicator/mpaa/KR_Certificate_All</value>
		<value condition="String.Contains(ListItem.mpaa,12세)">indicator/mpaa/KR_Certificate_12</value>
		<value condition="String.Contains(ListItem.mpaa,15세)">indicator/mpaa/KR_Certificate_15</value>
		<value condition="String.Contains(ListItem.mpaa,불가)">indicator/mpaa/KR_Certificate_18</value>
		<value condition="String.Contains(ListItem.mpaa,제한)">indicator/mpaa/KR_Certificate_R</value>
		<value condition="String.Contains(ListItem.mpaa,Brazil:Livre) | String.Contains(ListItem.mpaa,Livre)">indicator/mpaa/MPAA_Brazil_Livre</value>
		<value condition="String.Contains(ListItem.mpaa,Brazil:10) | String.Contains(ListItem.mpaa,10 anos)">indicator/mpaa/MPAA_Brazil_10</value>
		<value condition="String.Contains(ListItem.mpaa,Brazil:12) | String.Contains(ListItem.mpaa,12 anos)">indicator/mpaa/MPAA_Brazil_12</value>
		<value condition="String.Contains(ListItem.mpaa,Brazil:14) | String.Contains(ListItem.mpaa,14 anos)">indicator/mpaa/MPAA_Brazil_14</value>
		<value condition="String.Contains(ListItem.mpaa,Brazil:16) | String.Contains(ListItem.mpaa,16 anos)">indicator/mpaa/MPAA_Brazil_16</value>
		<value condition="String.Contains(ListItem.mpaa,Brazil:18) | String.Contains(ListItem.mpaa,18 anos)">indicator/mpaa/MPAA_Brazil_18</value>
		<value condition="String.Contains(ListItem.mpaa,Rated X)">indicator/mpaa/MPAA_X_Certificate_US</value>
	</variable>

	<variable name="OSDRating">
		<value condition="String.Contains(VideoPlayer.MPAA,TV-NA) | String.Contains(VideoPlayer.MPAA,N/A)">MPAA_NR_Certificate_US</value>
		<value condition="String.Contains(VideoPlayer.MPAA,Rated X)">MPAA_X_Certificate_US</value>
		<value condition="String.Contains(VideoPlayer.MPAA,TV-G) | String.Contains(VideoPlayer.MPAA,TV - G)">TV-G_Certificate_US</value>
		<value condition="String.Contains(VideoPlayer.MPAA,TV-PG) | String.Contains(VideoPlayer.MPAA,TV - PG)">TV-PG_Certificate_US</value>
		<value condition="String.Contains(VideoPlayer.MPAA,TV-14) | String.Contains(VideoPlayer.MPAA,TV - 14)">TV-14_Certificate_US</value>
		<value condition="String.Contains(VideoPlayer.MPAA,TV-MA) | String.Contains(VideoPlayer.MPAA,TV - MA)">TV-MA_Certificate_US</value>
		<value condition="String.Contains(VideoPlayer.MPAA,TV-Y7) | String.Contains(VideoPlayer.MPAA,TV - Y7)">tv-y7</value>
		<value condition="String.Contains(VideoPlayer.MPAA,TV-Y7FV) | String.Contains(VideoPlayer.MPAA,TV - Y7FV)">tv-y7fv</value>
		<value condition="String.Contains(VideoPlayer.MPAA,TV-Y) | String.Contains(VideoPlayer.MPAA,TV - Y)">tv-y</value>
		<value condition="String.Contains(VideoPlayer.MPAA,US:G) | String.Contains(VideoPlayer.MPAA,USA:G) | String.Contains(VideoPlayer.MPAA,Rated G)">MPAA_G_Certificate_US</value>
		<value condition="String.Contains(VideoPlayer.MPAA,PG-13) | String.Contains(VideoPlayer.MPAA,PG - 13)">MPAA_PG-13_Certificate_US</value>
		<value condition="String.Contains(VideoPlayer.MPAA,Rated PG) | String.Contains(VideoPlayer.MPAA,PG)">MPAA_PG_Certificate_US</value>
		<value condition="String.Contains(VideoPlayer.MPAA,US:R) | String.Contains(VideoPlayer.MPAA,USA:R) | String.Contains(VideoPlayer.MPAA,Rated R) | String.Contains(VideoPlayer.MPAA,R)">MPAA_R_Certificate_US</value>
		<value condition="String.Contains(VideoPlayer.MPAA,US:NC-17) | String.Contains(VideoPlayer.MPAA,USA:NC-17) | String.Contains(VideoPlayer.MPAA,Rated NC-17) | String.Contains(VideoPlayer.MPAA,Rated NC - 17)">MPAA_NC-17_Certificate_US</value>
		<value condition="String.Contains(VideoPlayer.MPAA,Germany:0) | String.Contains(VideoPlayer.MPAA,o.A) | String.Contains(VideoPlayer.MPAA,ab 0) | String.Contains(VideoPlayer.MPAA,FSK 0) |  String.Contains(VideoPlayer.MPAA,Rated 0) |String.Contains(VideoPlayer.MPAA,FSK:0)">FSK-0</value>
		<value condition="String.Contains(VideoPlayer.MPAA,Germany:6) | !String.Contains(VideoPlayer.MPAA,16) + String.Contains(VideoPlayer.MPAA,6) | String.Contains(VideoPlayer.MPAA,ab 6) | String.Contains(VideoPlayer.MPAA,FSK 6) | String.Contains(VideoPlayer.MPAA,FSK:6)">FSK-6</value>
		<value condition="String.Contains(VideoPlayer.MPAA,Germany:12) | String.Contains(VideoPlayer.MPAA,12) | String.Contains(VideoPlayer.MPAA,ab 12) | String.Contains(VideoPlayer.MPAA,FSK 12) | String.Contains(VideoPlayer.MPAA,FSK:12)">FSK-12</value>
		<value condition="String.Contains(VideoPlayer.MPAA,Germany:16) | String.Contains(VideoPlayer.MPAA,16) | String.Contains(VideoPlayer.MPAA,ab 16) | String.Contains(VideoPlayer.MPAA,FSK 16) | String.Contains(VideoPlayer.MPAA,FSK:16)">FSK-16</value>
		<value condition="String.Contains(VideoPlayer.MPAA,Germany:18) | String.Contains(VideoPlayer.MPAA,18) | String.Contains(VideoPlayer.MPAA,ab 18) | String.Contains(VideoPlayer.MPAA,FSK 18) | String.Contains(VideoPlayer.MPAA,FSK:18)">FSK-18</value>
		<value condition="String.Contains(VideoPlayer.MPAA,besorolás alatt)">HU_BA</value>
		<value condition="String.Contains(VideoPlayer.MPAA,korhatárra való tekintett nélkül megtekintetheto)">HU_KN</value>
		<value condition="String.Contains(VideoPlayer.MPAA,12 éven aluliak számára a megtekintése nagykorú felügyelete mellett ajánlott)">HU_12</value>
		<value condition="String.Contains(VideoPlayer.MPAA,16 éven aluliak számára nem ajánlott)">HU_16</value>
		<value condition="String.Contains(VideoPlayer.MPAA,18 éven aluliak számára nem ajánlott)">HU_18</value>
		<value condition="String.Contains(VideoPlayer.MPAA,France:U) | String.Contains(VideoPlayer.MPAA,partir de 3 ans) | String.Contains(VideoPlayer.MPAA,partir de 6 ans)">csaU</value>
		<value condition="String.Contains(VideoPlayer.MPAA,France:-10) | String.Contains(VideoPlayer.MPAA,Interdit aux moins de 10 ans) | String.Contains(VideoPlayer.MPAA,des propos ou des images peuvent heurter)">csa10</value>
		<value condition="String.Contains(VideoPlayer.MPAA,France:-12) | String.Contains(VideoPlayer.MPAA,Interdit aux moins de 12 ans)">csa12</value>
		<value condition="String.Contains(VideoPlayer.MPAA,France:-16) | String.Contains(VideoPlayer.MPAA,Interdit aux moins de 16 ans)">csa16</value>
		<value condition="String.Contains(VideoPlayer.MPAA,France:-18) | String.Contains(VideoPlayer.MPAA,Interdit aux moins de 18 ans)">csa18</value>
		<value condition="String.Contains(VideoPlayer.MPAA,전체)">KR_Certificate_All</value>
		<value condition="String.Contains(VideoPlayer.MPAA,12세)">KR_Certificate_12</value>
		<value condition="String.Contains(VideoPlayer.MPAA,15세)">KR_Certificate_15</value>
		<value condition="String.Contains(VideoPlayer.MPAA,불가)">KR_Certificate_18</value>
		<value condition="String.Contains(VideoPlayer.MPAA,제한)">KR_Certificate_R</value>
		<value condition="String.Contains(VideoPlayer.MPAA,Brazil:Livre) | String.Contains(VideoPlayer.MPAA,Livre)">MPAA_Brazil_Livre</value>
		<value condition="String.Contains(VideoPlayer.MPAA,Brazil:10) | String.Contains(VideoPlayer.MPAA,10 anos)">MPAA_Brazil_10</value>
		<value condition="String.Contains(VideoPlayer.MPAA,Brazil:12) | String.Contains(VideoPlayer.MPAA,12 anos)">MPAA_Brazil_12</value>
		<value condition="String.Contains(VideoPlayer.MPAA,Brazil:14) | String.Contains(VideoPlayer.MPAA,14 anos)">MPAA_Brazil_14</value>
		<value condition="String.Contains(VideoPlayer.MPAA,Brazil:16) | String.Contains(VideoPlayer.MPAA,16 anos)">MPAA_Brazil_16</value>
		<value condition="String.Contains(VideoPlayer.MPAA,Brazil:18) | String.Contains(VideoPlayer.MPAA,18 anos)">MPAA_Brazil_18</value>		
		<value condition="String.Contains(Window(Home).Property(SkinHelper.Player.MPAA),Rated X) | String.Contains(Window(Home).Property(SkinHelper.Player.MPAA),X)">MPAA_X_Certificate_US</value>
		<value condition="String.Contains(Window(Home).Property(SkinHelper.Player.MPAA),TV-NA) | String.Contains(Window(Home).Property(SkinHelper.Player.MPAA),N/A)">MPAA_NR_Certificate_US</value>
		<value condition="String.Contains(Window(Home).Property(SkinHelper.Player.MPAA),TV-G) | String.Contains(Window(Home).Property(SkinHelper.Player.MPAA),TV - G)">TV-G_Certificate_US</value>
		<value condition="String.Contains(Window(Home).Property(SkinHelper.Player.MPAA),TV-PG) | String.Contains(Window(Home).Property(SkinHelper.Player.MPAA),TV - PG)">TV-PG_Certificate_US</value>
		<value condition="String.Contains(Window(Home).Property(SkinHelper.Player.MPAA),TV-14) | String.Contains(Window(Home).Property(SkinHelper.Player.MPAA),TV - 14)">TV-14_Certificate_US</value>
		<value condition="String.Contains(Window(Home).Property(SkinHelper.Player.MPAA),TV-MA) | String.Contains(Window(Home).Property(SkinHelper.Player.MPAA),TV - MA)">TV-MA_Certificate_US</value>
		<value condition="String.Contains(Window(Home).Property(SkinHelper.Player.MPAA),TV-Y7) | String.Contains(Window(Home).Property(SkinHelper.Player.MPAA),TV - Y7)">tv-y7</value>
		<value condition="String.Contains(Window(Home).Property(SkinHelper.Player.MPAA),TV-Y7FV) | String.Contains(Window(Home).Property(SkinHelper.Player.MPAA),TV - Y7FV)">tv-y7fv</value>
		<value condition="String.Contains(Window(Home).Property(SkinHelper.Player.MPAA),TV-Y) | String.Contains(Window(Home).Property(SkinHelper.Player.MPAA),TV - Y)">tv-y</value>
		<value condition="String.Contains(Window(Home).Property(SkinHelper.Player.MPAA),US:G) | String.Contains(Window(Home).Property(SkinHelper.Player.MPAA),USA:G) | String.Contains(Window(Home).Property(SkinHelper.Player.MPAA),Rated G)">MPAA_G_Certificate_US</value>
		<value condition="String.Contains(Window(Home).Property(SkinHelper.Player.MPAA),PG-13) | String.Contains(Window(Home).Property(SkinHelper.Player.MPAA),PG - 13)">MPAA_PG-13_Certificate_US</value>
		<value condition="String.Contains(Window(Home).Property(SkinHelper.Player.MPAA),Rated PG) | String.Contains(Window(Home).Property(SkinHelper.Player.MPAA),PG)">MPAA_PG_Certificate_US</value>
		<value condition="String.Contains(Window(Home).Property(SkinHelper.Player.MPAA),US:R) | String.Contains(Window(Home).Property(SkinHelper.Player.MPAA),USA:R) | String.Contains(Window(Home).Property(SkinHelper.Player.MPAA),Rated R) | String.Contains(Window(Home).Property(SkinHelper.Player.MPAA),R)">MPAA_R_Certificate_US</value>
		<value condition="String.Contains(Window(Home).Property(SkinHelper.Player.MPAA),US:NC-17) | String.Contains(Window(Home).Property(SkinHelper.Player.MPAA),USA:NC-17) | String.Contains(Window(Home).Property(SkinHelper.Player.MPAA),Rated NC-17) | String.Contains(Window(Home).Property(SkinHelper.Player.MPAA),Rated NC - 17)">MPAA_NC-17_Certificate_US</value>
		<value condition="String.Contains(Window(Home).Property(SkinHelper.Player.MPAA),Germany:0) | String.Contains(Window(Home).Property(SkinHelper.Player.MPAA),o.A) | String.Contains(Window(Home).Property(SkinHelper.Player.MPAA),ab 0) | String.Contains(Window(Home).Property(SkinHelper.Player.MPAA),FSK 0) |  String.Contains(Window(Home).Property(SkinHelper.Player.MPAA),Rated 0) |String.Contains(Window(Home).Property(SkinHelper.Player.MPAA),FSK:0)">FSK-0</value>
		<value condition="String.Contains(Window(Home).Property(SkinHelper.Player.MPAA),Germany:6) | !String.Contains(Window(Home).Property(SkinHelper.Player.MPAA),16) + String.Contains(Window(Home).Property(SkinHelper.Player.MPAA),6) | String.Contains(Window(Home).Property(SkinHelper.Player.MPAA),ab 6) | String.Contains(Window(Home).Property(SkinHelper.Player.MPAA),FSK 6) | String.Contains(Window(Home).Property(SkinHelper.Player.MPAA),FSK:6)">FSK-6</value>
		<value condition="String.Contains(Window(Home).Property(SkinHelper.Player.MPAA),Germany:12) | String.Contains(Window(Home).Property(SkinHelper.Player.MPAA),12) | String.Contains(Window(Home).Property(SkinHelper.Player.MPAA),ab 12) | String.Contains(Window(Home).Property(SkinHelper.Player.MPAA),FSK 12) | String.Contains(Window(Home).Property(SkinHelper.Player.MPAA),FSK:12)">FSK-12</value>
		<value condition="String.Contains(Window(Home).Property(SkinHelper.Player.MPAA),Germany:16) | String.Contains(Window(Home).Property(SkinHelper.Player.MPAA),16) | String.Contains(Window(Home).Property(SkinHelper.Player.MPAA),ab 16) | String.Contains(Window(Home).Property(SkinHelper.Player.MPAA),FSK 16) | String.Contains(Window(Home).Property(SkinHelper.Player.MPAA),FSK:16)">FSK-16</value>
		<value condition="String.Contains(Window(Home).Property(SkinHelper.Player.MPAA),Germany:18) | String.Contains(Window(Home).Property(SkinHelper.Player.MPAA),18) | String.Contains(Window(Home).Property(SkinHelper.Player.MPAA),ab 18) | String.Contains(Window(Home).Property(SkinHelper.Player.MPAA),FSK 18) | String.Contains(Window(Home).Property(SkinHelper.Player.MPAA),FSK:18)">FSK-18</value>
		<value condition="String.Contains(Window(Home).Property(SkinHelper.Player.MPAA),besorolás alatt)">HU_BA</value>
		<value condition="String.Contains(Window(Home).Property(SkinHelper.Player.MPAA),korhatárra való tekintett nélkül megtekintetheto)">HU_KN</value>
		<value condition="String.Contains(Window(Home).Property(SkinHelper.Player.MPAA),12 éven aluliak számára a megtekintése nagykorú felügyelete mellett ajánlott)">HU_12</value>
		<value condition="String.Contains(Window(Home).Property(SkinHelper.Player.MPAA),16 éven aluliak számára nem ajánlott)">HU_16</value>
		<value condition="String.Contains(Window(Home).Property(SkinHelper.Player.MPAA),18 éven aluliak számára nem ajánlott)">HU_18</value>
		<value condition="String.Contains(Window(Home).Property(SkinHelper.Player.MPAA),France:U) | String.Contains(Window(Home).Property(SkinHelper.Player.MPAA),partir de 3 ans) | String.Contains(Window(Home).Property(SkinHelper.Player.MPAA),partir de 6 ans)">csaU</value>
		<value condition="String.Contains(Window(Home).Property(SkinHelper.Player.MPAA),France:-10) | String.Contains(Window(Home).Property(SkinHelper.Player.MPAA),Interdit aux moins de 10 ans) | String.Contains(Window(Home).Property(SkinHelper.Player.MPAA),des propos ou des images peuvent heurter)">csa10</value>
		<value condition="String.Contains(Window(Home).Property(SkinHelper.Player.MPAA),France:-12) | String.Contains(Window(Home).Property(SkinHelper.Player.MPAA),Interdit aux moins de 12 ans)">csa12</value>
		<value condition="String.Contains(Window(Home).Property(SkinHelper.Player.MPAA),France:-16) | String.Contains(Window(Home).Property(SkinHelper.Player.MPAA),Interdit aux moins de 16 ans)">csa16</value>
		<value condition="String.Contains(Window(Home).Property(SkinHelper.Player.MPAA),France:-18) | String.Contains(Window(Home).Property(SkinHelper.Player.MPAA),Interdit aux moins de 18 ans)">csa18</value>
		<value condition="String.Contains(Window(Home).Property(SkinHelper.Player.MPAA),전체)">KR_Certificate_All</value>
		<value condition="String.Contains(Window(Home).Property(SkinHelper.Player.MPAA),12세)">KR_Certificate_12</value>
		<value condition="String.Contains(Window(Home).Property(SkinHelper.Player.MPAA),15세)">KR_Certificate_15</value>
		<value condition="String.Contains(Window(Home).Property(SkinHelper.Player.MPAA),불가)">KR_Certificate_18</value>
		<value condition="String.Contains(Window(Home).Property(SkinHelper.Player.MPAA),제한)">KR_Certificate_R</value>
		<value condition="String.Contains(Window(Home).Property(SkinHelper.Player.MPAA),Brazil:Livre) | String.Contains(Window(Home).Property(SkinHelper.Player.MPAA),Livre)">MPAA_Brazil_Livre</value>
		<value condition="String.Contains(Window(Home).Property(SkinHelper.Player.MPAA),Brazil:10) | String.Contains(Window(Home).Property(SkinHelper.Player.MPAA),10 anos)">MPAA_Brazil_10</value>
		<value condition="String.Contains(Window(Home).Property(SkinHelper.Player.MPAA),Brazil:12) | String.Contains(Window(Home).Property(SkinHelper.Player.MPAA),12 anos)">MPAA_Brazil_12</value>
		<value condition="String.Contains(Window(Home).Property(SkinHelper.Player.MPAA),Brazil:14) | String.Contains(Window(Home).Property(SkinHelper.Player.MPAA),14 anos)">MPAA_Brazil_14</value>
		<value condition="String.Contains(Window(Home).Property(SkinHelper.Player.MPAA),Brazil:16) | String.Contains(Window(Home).Property(SkinHelper.Player.MPAA),16 anos)">MPAA_Brazil_16</value>
		<value condition="String.Contains(Window(Home).Property(SkinHelper.Player.MPAA),Brazil:18) | String.Contains(Window(Home).Property(SkinHelper.Player.MPAA),18 anos)">MPAA_Brazil_18</value>			
		<value condition="String.IsEmpty(VideoPlayer.TvShowTitle)">MPAA_NR_Certificate_US</value>
	</variable>
	
</includes>