<?xml version="1.0" encoding="UTF-8"?>
<includes>
    <include name="Dialog_Top">
        <animation effect="slide" tween="quadratic" easing="out" time="200" start="0,-400" end="0">Visible</animation>
        <animation effect="slide" tween="quadratic" easing="in" time="200" end="0,-400" start="0">Hidden</animation>
        <animation effect="slide" tween="quadratic" easing="out" time="200" start="0,-400" end="0">WindowOpen</animation>
        <animation effect="slide" tween="quadratic" easing="in" time="200" end="0,-500" start="0">WindowClose</animation>
<!-- Modification Left -->          
        <left>0</left>
<!-- Modification Right -->          
        <right>0</right>
        <top>0</top>
        <height>toppanel</height>
    </include>

    <include name="Dialog_Background">
        <control type="image">
            <top>-24</top>
            <bottom>-24</bottom>
            <left>-24</left>
            <right>-24</right>
            <bordertexture border="24">common/24-shadow.png</bordertexture>
            <bordersize>24</bordersize>
            <texture colordiffuse="DialogBG">common/white.png</texture>
        </control>
    </include>

<!-- Ajout Include -->    
    <include name="Dialog_Background_Home">
        <control type="image">
            <top>0</top>
            <left>0</left>
            <right>0</right>
            <height>130</height>
            <aspectratio>scale</aspectratio>
            <texture colordiffuse="$VAR[HomeBar_Color]">common/white.png</texture>
        </control>
    </include>
    
    <include name="Dialog_Background_Home_Small">
        <control type="image">
            <top>0</top>
            <left>0</left>
            <right>0</right>
            <height>60</height>
            <aspectratio>scale</aspectratio>
            <texture colordiffuse="$VAR[HomeBar_Color]">common/white.png</texture>
        </control>
        <control type="image">
            <top>0</top>
            <left>60</left>
            <height>60</height>
            <width>1</width>
            <texture colordiffuse="LineLabel">common/separator.png</texture>
        </control>
        <control type="image">
            <top>0</top>
            <left>110</left>
            <height>60</height>
            <width>1</width>
            <texture colordiffuse="LineLabel">common/separator.png</texture>
        </control>
        <control type="image">
            <top>0</top>
            <right>50</right>
            <height>60</height>
            <width>1</width>
            <texture colordiffuse="LineLabel">common/separator.png</texture>
        </control>
        <control type="image">
            <top>0</top>
            <left>462</left>
            <height>60</height>
            <width>1</width>
            <texture colordiffuse="LineLabel">common/separator.png</texture>
            <visible>Integer.IsGreater(Container(9002).NumItems,1) | Integer.IsGreater(Container(9000).NumItems,1)</visible>
        </control>
        <control type="image">
            <top>0</top>
            <left>814</left>
            <height>60</height>
            <width>1</width>
            <texture colordiffuse="LineLabel">common/separator.png</texture>
            <visible>Integer.IsGreater(Container(9002).NumItems,2) | Integer.IsGreater(Container(9000).NumItems,2)</visible>
        </control>
        <control type="image">
            <top>0</top>
            <left>1166</left>
            <height>60</height>
            <width>1</width>
            <texture colordiffuse="LineLabel">common/separator.png</texture>
            <visible>Integer.IsGreater(Container(9002).NumItems,3) | Integer.IsGreater(Container(9000).NumItems,3)</visible>
        </control>
        <control type="image">
            <top>0</top>
            <left>1518</left>
            <height>60</height>
            <width>1</width>
            <texture colordiffuse="LineLabel">common/separator.png</texture>
            <visible>Integer.IsGreater(Container(9002).NumItems,4) | Integer.IsGreater(Container(9000).NumItems,4)</visible>
        </control>
    </include>


    <include name="Dialog_Top_IconHeader">
        <control type="image">
            <top>0</top>
            <left>10</left>
            <width>80</width>
            <height>80</height>
            <texture colordiffuse="ListLabel">$PARAM[icon]</texture>
        </control>
        <control type="label">
            <left>90</left>
            <right>side</right>
            <top>10</top>
            <height>60</height>
            <aligny>center</aligny>
            <align>left</align>
            <label>$PARAM[label]</label>
        </control>
    </include>

<!-- Ajout Include -->       
    <include name="Dialog_Top_IconHeader_Home">
        <control type="image">
            <top>35</top>
            <left>25</left>
            <width>100</width>
            <height>100</height>
            <aspectratio>scale</aspectratio>
            <texture colordiffuse="ListLabel">$PARAM[icon]</texture>
        </control>
        <control type="label">
            <left>20</left>
            <top>0</top>
            <height>48</height>
            <aligny>center</aligny>
            <align>left</align>
            <label>$PARAM[label]</label>
        </control>
    </include>
    
    <include name="Dialog_Top_IconHeader_Home_Small">
        <control type="image">
            <top>0</top>
            <left>0</left>
            <width>60</width>
            <height>60</height>
            <aspectratio>scale</aspectratio>
            <texture colordiffuse="ListLabel">$PARAM[icon]</texture>
        </control>
    </include>

<!-- Ajout Include -->    
        <include name="Dialog_Top_IconColorPicker">
        <control type="image">
            <top>10</top>
            <left>40</left>
            <width>80</width>
            <height>80</height>
            <texture colordiffuse="ListLabel">$PARAM[icon]</texture>
        </control>
        <control type="label">
            <left>110</left>
            <right>side</right>
            <top>20</top>
            <height>60</height>
            <aligny>center</aligny>
            <align>left</align>
            <label>$PARAM[label]</label>
        </control>
    </include>

    <include name="Dialog_Top_GroupList">
<!-- Modification Left -->          
        <left>30</left>
<!-- Modification Right -->          
        <right>30</right>
        <top>80</top>
        <bottom>pad</bottom>
        <onup>50</onup>
        <ondown>50</ondown>
        <onleft>noop</onleft>
        <onright>noop</onright>
        <itemgap>10</itemgap>
        <scrolltime>200</scrolltime>
        <orientation>horizontal</orientation>
    </include>
    
    <include name="Dialog_Top_GroupList_PVR">         
        <left>30</left>       
        <right>30</right>
        <top>80</top>
        <bottom>pad</bottom>
        <onup>165</onup>
        <ondown>165</ondown>
        <onleft>noop</onleft>
        <onright>noop</onright>
        <itemgap>10</itemgap>
        <scrolltime>200</scrolltime>
        <orientation>horizontal</orientation>
    </include>
    
    <include name="Dialog_Top_PowerMenu">      
        <left>150</left>                        
        <right>0</right>
        <top>48</top>
        <height>70</height>
        <onup>Close</onup>
        <ondown>Close</ondown>
        <onleft>9000</onleft>
        <onright>9000</onright>
        <scrolltime>200</scrolltime>
        <orientation>horizontal</orientation>
                <itemlayout width="354" height="80">
                    <control type="label">
                        <left>side</left>
                        <right>side</right>
                        <height>70</height>
                        <scroll>yes</scroll>
                        <font>Font-ListInfo-Small</font>
                        <fontcolor>HomeBarFG</fontcolor>
                        <aligny>center</aligny>
                        <align>center</align>
                        <label>$INFO[ListItem.Label]</label>
                    </control>
                </itemlayout>
                <focusedlayout width="354" height="80">
                    <control type="image">
                        <width>354</width> 
                        <height>70</height>
                        <texture colordiffuse="$VAR[HighlightColor]">common/white.png</texture>
                    </control>
                    <control type="label">
                        <left>side</left>
                        <right>side</right>
                        <height>70</height>
                        <scroll>yes</scroll>
                        <textcolor>Selected</textcolor>
                        <font>Font-ListInfo-Small</font>
                        <aligny>center</aligny>
                        <align>center</align>
                        <label>$INFO[ListItem.Label]</label>
                    </control>
                </focusedlayout>
    </include>
    
    <include name="Dialog_Top_PowerMenu_Small">      
        <left>110</left>                        
        <right>50</right>
        <top>0</top>
        <height>60</height>
        <onup>Close</onup>
        <ondown>Close</ondown>
        <onleft>9000</onleft>
        <onright>9000</onright>
        <scrolltime>200</scrolltime>
        <orientation>horizontal</orientation>
                <itemlayout width="352" height="60">
                    <control type="label">
                        <left>side</left>
                        <right>side</right>
                        <height>60</height>
                        <scroll>yes</scroll>
                        <font>Font-ListInfo-Small</font>
                        <fontcolor>HomeBarFG</fontcolor>
                        <aligny>center</aligny>
                        <align>center</align>
                        <label>$INFO[ListItem.Label]</label>
                    </control>
                </itemlayout>
                <focusedlayout width="352" height="60">
                    <control type="image">
                        <width>352</width> 
                        <height>60</height>
                        <texture colordiffuse="$VAR[HighlightColor]">common/white.png</texture>
                    </control>
                    <control type="label">
                        <left>side</left>
                        <right>side</right>
                        <height>60</height>
                        <scroll>yes</scroll>
                        <textcolor>Selected</textcolor>
                        <font>Font-ListInfo-Small</font>
                        <aligny>center</aligny>
                        <align>center</align>
                        <label>$INFO[ListItem.Label]</label>
                    </control>
                </focusedlayout>
    </include>

    <include name="Dialog_Top_Arrows">
        <control type="group">
            <control type="image">
                <centertop>115</centertop>
<!-- Modification Left -->                  
                <left>10</left>
                <width>16</width>
                <height>16</height>
                <texture colordiffuse="ListLabel">common/16-arrow-left.png</texture>
                <visible>Container($PARAM[id]).HasPrevious</visible>
            </control>
            <control type="image">
                <centertop>115</centertop>
<!-- Modification Right -->                
                <right>10</right>
                <width>16</width>
                <height>16</height>
                <texture colordiffuse="ListLabel" flipx="true">common/16-arrow-left.png</texture>
                <visible>Container($PARAM[id]).HasNext</visible>
            </control>
        </control>
    </include>
    
    <include name="Dialog_Top_Arrows_Home">
        <control type="group">
            <control type="image">
                <top>15</top>               
                <right>44</right>
                <width>18</width>
                <height>18</height>
                <texture colordiffuse="ListLabel">common/arrow-left.png</texture>
                <visible>Container($PARAM[id]).HasPrevious</visible>
            </control>
            <control type="image">
                <top>15</top>         
                <right>16</right>
                <width>18</width>
                <height>18</height>
                <texture colordiffuse="ListLabel" flipx="true">common/arrow-left.png</texture>
                <visible>Container($PARAM[id]).HasNext</visible>
            </control>
        </control>
    </include>
    
    <include name="Dialog_Top_Arrows_Home_Small">
        <control type="group">
            <control type="image">
                <top>21</top>               
                <left>76</left>
                <width>18</width>
                <height>18</height>
                <texture colordiffuse="ListLabel">common/arrow-left.png</texture>
                <visible>Container($PARAM[id]).HasPrevious</visible>
            </control>
            <control type="image">
                <top>21</top>         
                <right>16</right>
                <width>18</width>
                <height>18</height>
                <texture colordiffuse="ListLabel" flipx="true">common/arrow-left.png</texture>
                <visible>Container($PARAM[id]).HasNext</visible>
            </control>
        </control>
    </include>

    <include name="Dialog_Info_Arrows">
        <control type="group">
            <left>pad</left>
            <width>1384</width>
            <bottom>27</bottom>
            <height>69</height>
            <control type="image">
                <centertop>50%</centertop>
                <left>-18</left>
                <width>16</width>
                <height>16</height>
                <texture colordiffuse="ListLabel">common/16-arrow-left.png</texture>
                <visible>Container($PARAM[id]).HasPrevious</visible>
            </control>
            <control type="image">
                <centertop>50%</centertop>
                <right>-18</right>
                <width>16</width>
                <height>16</height>
                <texture colordiffuse="ListLabel" flipx="true">common/16-arrow-left.png</texture>
                <visible>Container($PARAM[id]).HasNext</visible>
            </control>
        </control>
    </include>
 
    <!-- Bottom Dialogs -->
    <include name="Dialog_Bottom">
        <left>400</left>
        <right>400</right>
        <centertop>50%</centertop>
        <height>400</height>
        <include>Dialog_Background</include>
        <include>Animation_SlideIn_Bounce</include>
        <include>Animation_FadeOut</include>

        <!-- Heading -->
        <control type="label" id="1">
            <left>90</left>
            <right>90</right>
            <top>40</top>
            <height>60</height>
            <aligny>center</aligny>
            <align>left</align>
        </control>

        <!-- Details -->
        <control type="textbox" id="9">
            <left>90</left>
            <right>90</right>
            <top>90</top>
            <bottom>186</bottom>
            <align>left</align>
            <font>Font-ListInfo-Small</font>
        </control>
    </include>
    <include name="Dialog_Bottom_Grouplist">
        <align>center</align>
        <bottom>40</bottom>
        <height>69</height>
        <orientation>horizontal</orientation>
        <itemgap>side</itemgap>
    </include>
    <include name="Dialog_Bottom_Yes">
        <control type="button" id="11">
            <align>center</align>
            <width>300</width>
            <label>186</label>
            <include>Defs_OptionButton2</include>
            <onleft>10</onleft>
            <onright>noop</onright>
        </control>
    </include>
    <include name="Dialog_Bottom_No">
        <control type="button" id="10">
            <align>center</align>
            <width>300</width>
            <label>222</label>
            <include>Defs_OptionButton2</include>
            <onleft>noop</onleft>
            <onright>11</onright>
        </control>
    </include>
    <!-- Yes No -->
    <include name="Dialog_YesNo">
        <include>GlobalOverlay</include>
        <control type="group">
            <include>Dialog_Bottom</include>
            <control type="grouplist">
                <include>Dialog_Bottom_Grouplist</include>
                <include>Dialog_Bottom_Yes</include>
                <include>Dialog_Bottom_No</include>
            </control>
        </control>
    </include>
    <!-- Ok -->
    <include name="Dialog_Ok">
        <include>GlobalOverlay</include>
        <control type="group">
            <include>Dialog_Bottom</include>
            <control type="grouplist">
                <include>Dialog_Bottom_Grouplist</include>
                <include>Dialog_Bottom_No</include>
            </control>
        </control>
    </include>
    <!-- Progress -->
    <include name="Dialog_Progress">
        <include>GlobalOverlay</include>
        <control type="group">
            <include>Dialog_Bottom</include>
            <control type="progress">
                <bottom>152</bottom>
				<left>90</left>
                <right>90</right>
                <height>16</height>
                <info>System.Progressbar</info>
            </control>
            <control type="grouplist">
                <include>Dialog_Bottom_Grouplist</include>
                <include>Dialog_Bottom_No</include>
            </control>
        </control>
    </include>
    <!-- Basic List -->
    <include name="Dialog_BasicList_Content">
        <content>$PARAM[content]</content>
    </include>
    <include name="Dialog_BasicList">
        <param name="backpanel" default="true" />
        <param name="type" default="panel" />
        <param name="imagelist" default="false" />
        <param name="contentvisible" default="false" />
        <definition>
            <control type="group">
                <width>$PARAM[width]</width>
                <height>$PARAM[height]</height>
                <visible>$PARAM[backpanel]</visible>
                <include>Object_Background</include>
            </control>
            <control type="$PARAM[type]" id="$PARAM[id]">
                <top>0</top>
                <left>0</left>
                <width>$PARAM[width]</width>
                <height>$PARAM[height]</height>
                <onleft>$PARAM[onleft]</onleft>
                <onright>$PARAM[onright]</onright>
                <onright>$PARAM[onright2]</onright>
                <ondown>$PARAM[ondown]</ondown>
                <onup>$PARAM[onup]</onup>
                <onback>$PARAM[onback]</onback>
                <onback>$PARAM[onback2]</onback>
                <orientation>vertical</orientation>
                <scrolltime tween="quadratic">400</scrolltime>
                <itemlayout height="69" width="$PARAM[width]" condition="!$PARAM[imagelist]">
                    <control type="label">
                        <left>30</left>
                        <right>30</right>
                        <top>0</top>
                        <height>100%</height>
                        <label>$INFO[ListItem.Label]</label>
                    </control>
                    <control type="label">
                        <left>30</left>
                        <right>30</right>
                        <top>0</top>
                        <height>100%</height>
                        <align>right</align>
                        <font>Font-ListInfo</font>
                        <label>$INFO[ListItem.Label2]</label>
                    </control>
                </itemlayout>

                <focusedlayout height="69" width="$PARAM[width]" condition="!$PARAM[imagelist]">
                    <control type="image">
                        <width>100%</width>
                        <height>100%</height>
                        <texture colordiffuse="$VAR[HighlightColor]">common/white.png</texture>
                    </control>
                    <control type="label">
                        <left>30</left>
                        <right>30</right>
                        <top>0</top>
                        <height>100%</height>
                        <label>$INFO[ListItem.Label]</label>
                        <textcolor>Selected</textcolor>
                    </control>
                    <control type="label">
                        <left>30</left>
                        <right>30</right>
                        <top>0</top>
                        <height>100%</height>
                        <align>right</align>
                        <font>Font-ListInfo</font>
                        <label>$INFO[ListItem.Label2]</label>
                        <textcolor>Selected</textcolor>
                    </control>
                </focusedlayout>     
                    
                    <!-- Image List Style -->
                <itemlayout height="138" width="$PARAM[width]" condition="$PARAM[imagelist]">
                    <control type="image">
                        <left>pad</left>
                        <top>pad</top>
                        <bottom>pad</bottom>
                        <width>118</width>
                        <aspectratio>keep</aspectratio>
                        <texture>$INFO[ListItem.Icon]</texture>
                    </control>
                    <control type="group">
                        <visible>!String.IsEmpty(ListItem.Label2)</visible>
                        <control type="label">
                            <left>148</left>
                            <right>30</right>
                            <top>0</top>
                            <height>66%</height>
                            <label>$INFO[ListItem.Label]</label>
                        </control>
                        <control type="label">
                            <left>148</left>
                            <right>30</right>
                            <bottom>0</bottom>
                            <height>66%</height>
                            <align>left</align>
                            <font>Font-ListInfo</font>
                            <label>$INFO[ListItem.Label2]</label>
                        </control>
                    </control>
                    <control type="label">
                        <left>148</left>
                        <right>30</right>
                        <top>0</top>
                        <height>100%</height>
                        <label>$INFO[ListItem.Label]</label>
                        <visible>String.IsEmpty(ListItem.Label2)</visible>
                    </control>
                </itemlayout>

                <focusedlayout height="138" width="$PARAM[width]" condition="$PARAM[imagelist]">
                    <control type="image">
                        <width>100%</width>
                        <height>100%</height>
                        <texture colordiffuse="$VAR[HighlightColor]">common/white.png</texture>
                    </control>
                    <control type="image">
                        <left>pad</left>
                        <top>pad</top>
                        <bottom>pad</bottom>
                        <width>118</width>
                        <aspectratio>keep</aspectratio>
                        <texture>$INFO[ListItem.Icon]</texture>
                    </control>
                    <control type="group">
                        <visible>!String.IsEmpty(ListItem.Label2)</visible>
                        <control type="label">
                            <left>148</left>
                            <right>30</right>
                            <top>0</top>
                            <height>66%</height>
                            <label>$INFO[ListItem.Label]</label>
                            <textcolor>Selected</textcolor>
                        </control>
                        <control type="label">
                            <left>148</left>
                            <right>30</right>
                            <bottom>0</bottom>
                            <height>66%</height>
                            <align>left</align>
                            <font>Font-ListInfo</font>
                            <label>$INFO[ListItem.Label2]</label>
                            <textcolor>Selected</textcolor>
                        </control>
                    </control>
                    <control type="label">
                        <left>148</left>
                        <right>30</right>
                        <top>0</top>
                        <height>100%</height>
                        <label>$INFO[ListItem.Label]</label>
                        <visible>String.IsEmpty(ListItem.Label2)</visible>
                        <textcolor>Selected</textcolor>
                    </control>
                </focusedlayout>
                <include condition="$PARAM[contentvisible]" name="Dialog_BasicList_Content">
                    <param name="content" value="$PARAM[content]" />
                </include>
            </control>
        </definition>
    </include>
    <include name="Dialog_FavouriteList">
        <param name="left" default="444" />
        <param name="width" default="favitemw" />
        <param name="top" default="80" />
        <param name="label2" default="false" />
		<definition>
		    <control type="group">
                <left>$PARAM[left]</left>
                <top>$PARAM[top]</top>
                <bottom>side</bottom>
                <width>$PARAM[width]</width>
                <include>Object_Background</include>
                <visible>Control.IsVisible($PARAM[id])</visible>
            </control>
            <control type="panel" id="$PARAM[id]">
                <onup>$PARAM[id]</onup>
                <ondown>$PARAM[id]</ondown>
                <right>side</right>
                <left>$PARAM[left]</left>
                <top>$PARAM[top]</top>
                <bottom>side</bottom>
                <onleft>$PARAM[moveid]</onleft>
                <onright>$PARAM[moveid]</onright>
                <scrolltime>200</scrolltime>
                <orientation>vertical</orientation>
                <itemlayout width="$PARAM[width]" height="69">
                    <control type="label">
                        <left>side</left>
                        <right>side</right>
                        <height>69</height>
                        <textcolor>ListLabel</textcolor>
                        <font>Font-ListInfo-Small-Bold</font>
                        <aligny>center</aligny>
                        <label>$INFO[ListItem.Label]</label>
                    </control>
                    <control type="label">
                        <left>side</left>
                        <right>side</right>
                        <height>69</height>
                        <align>right</align>
                        <textcolor>ListLabel</textcolor>
                        <font>Font-ListInfo-Small</font>
                        <aligny>center</aligny>
                        <label>$INFO[ListItem.Label2]</label>
                        <visible>$PARAM[label2]</visible>
                    </control>
                </itemlayout>
                <focusedlayout width="$PARAM[width]" height="69">
                    <control type="image">
                        <width>100%</width>
                        <height>69</height>
                        <texture colordiffuse="$VAR[HighlightColor]">common/white.png</texture>
                    </control>
                    <control type="label">
                        <left>side</left>
                        <right>side</right>
                        <height>69</height>
                        <textcolor>Selected</textcolor>
                        <font>Font-ListInfo-Small-Bold</font>
                        <aligny>center</aligny>
                        <label>$INFO[ListItem.Label]</label>
                    </control>
                    <control type="label">
                        <left>side</left>
                        <right>side</right>
                        <height>69</height>
                        <align>right</align>
                        <textcolor>Selected</textcolor>
                        <font>Font-ListInfo-Small</font>
                        <aligny>center</aligny>
                        <label>$INFO[ListItem.Label2]</label>
                        <visible>$PARAM[label2]</visible>
                    </control>
                </focusedlayout>
            </control>
        </definition>
    </include>
    <include name="Dialog_ImageList">
        <param name="left" default="444" />
        <param name="width" default="favitemw" />
        <param name="top" default="80" />
        <param name="pad" default="0" />
        <param name="bottom" default="side" />
        <param name="right" default="side" />
        <param name="visible" default="true" />
        <param name="backpanel" default="true" />
        <param name="type" default="panel" />
        <param name="noimage" default="false" />
        <definition>
            <control type="$PARAM[type]" id="$PARAM[id]">
                <onup>$PARAM[onup]</onup>
                <ondown>$PARAM[ondown]</ondown>
                <right>$PARAM[right]</right>
                <left>$PARAM[left]</left>
                <top>$PARAM[top]</top>
                <bottom>$PARAM[bottom]</bottom>
                <onleft>$PARAM[moveid]</onleft>
                <onright>$PARAM[moveid]</onright>
                <onleft>$PARAM[moveid2]</onleft>
                <onright>$PARAM[moveid2]</onright>
                <scrolltime>200</scrolltime>
                <orientation>vertical</orientation>
                <visible allowhiddenfocus="true">$PARAM[visible]</visible>
                <preloaditems>2</preloaditems>
                <itemlayout width="$PARAM[width]" height="69" condition="$PARAM[noimage]">
                    <control type="group">
                        <control type="label">
                            <left>30</left>
                            <right>30</right>
                            <bottom>pad</bottom>
                            <top>0</top>
                            <align>center</align>
                            <textcolor>ListLabel</textcolor>
                            <font>Font-ListInfo-Small-Bold</font>
                            <aligny>center</aligny>
                            <label>$INFO[ListItem.Label]</label>
                        </control>
                    </control>
                </itemlayout>
                <itemlayout width="$PARAM[width]" height="138" condition="!$PARAM[noimage] + ![[String.StartsWith(ListItem.FolderPath,special://skin/extras/icons/) + !String.IsEqual(ListItem.Label,icons)]  | [String.StartsWith(ListItem.FolderPath,special://skin/extras/) + String.IsEqual(ListItem.Label,..)]]">
                    <control type="group">
                        <left>$PARAM[pad]</left>
                        <control type="image">
                            <top>pad</top>
                            <left>pad</left>
                            <width>118</width>
                            <height>118</height>
                            <aspectratio>keep</aspectratio>
<!-- Modification Texture -->                                
                            <texture fallback="fallback.png" background="true">$INFO[ListItem.Icon]</texture>
                        </control>
                        <control type="label">
                            <left>148</left>
                            <right>30</right>
                            <height>100%</height>
                            <textcolor>ListLabel</textcolor>
                            <font>Font-ListInfo-Small-Bold</font>
                            <aligny>center</aligny>
                            <label>$INFO[ListItem.Label]</label>
							<visible>String.IsEmpty(ListItem.Label2)</visible>
                            <visible>String.IsEmpty(ListItem.Property(character))</visible>
                            <visible>String.IsEmpty(ListItem.Property(job))</visible>
                        </control>
                        <control type="group">
                            <visible>!String.IsEmpty(ListItem.Label2) | !String.IsEmpty(ListItem.Property(character)) | !String.IsEmpty(ListItem.Property(job))</visible>
                            <left>148</left>
                            <right>30</right>
                            <control type="label">
                                <width>100%</width>
                                <top>0</top>
                                <bottom>30%</bottom>
                                <textcolor>ListLabel</textcolor>
                                <font>Font-ListInfo-Small-Bold</font>
                                <aligny>center</aligny>
                                <label>$INFO[ListItem.Label]</label>
                            </control>
                            <control type="label">
                                <width>100%</width>
                                <top>30%</top>
                                <bottom>0</bottom>
                                <textcolor>ListLabel</textcolor>
                                <font>Font-ListInfo-Small</font>
                                <aligny>center</aligny>
                                <label>$VAR[Label_ImageList,[CAPITALIZE],[/CAPITALIZE]]</label>
                            </control>
                        </control>
                    </control>
                </itemlayout>
                <itemlayout width="139.75" height="138" condition="!$PARAM[noimage] + [[String.StartsWith(ListItem.FolderPath,special://skin/extras/icons/) + !String.IsEqual(ListItem.Label,icons)]  | [String.StartsWith(ListItem.FolderPath,special://skin/extras/) + String.IsEqual(ListItem.Label,..)]]">
                    <control type="image">
                        <centerleft>50%</centerleft>
                        <centertop>50%</centertop>
                        <width>118</width>
                        <height>118</height>
                        <aspectratio>keep</aspectratio>
                        <texture background="true">$INFO[ListItem.Icon]</texture>
                    </control>
                </itemlayout>
                <focusedlayout width="$PARAM[width]" height="69" condition="$PARAM[noimage]">
                    <control type="image">
                        <left>5</left>
                        <right>5</right>
                        <bottom>pad</bottom>
                        <top>0</top>
                        <texture colordiffuse="$VAR[HighlightColor]">common/white.png</texture>
                    </control>
                    <control type="group">
                        <control type="label">
                            <left>30</left>
                            <right>30</right>
                            <bottom>pad</bottom>
                            <top>0</top>
                            <align>center</align>
                            <textcolor>Selected</textcolor>
                            <font>Font-ListInfo-Small-Bold</font>
                            <aligny>center</aligny>
                            <label>$INFO[ListItem.Label]</label>
                        </control>
                    </control>
                </focusedlayout>
                <focusedlayout width="$PARAM[width]" height="138" condition="!$PARAM[noimage] + ![[String.StartsWith(ListItem.FolderPath,special://skin/extras/icons/) + !String.IsEqual(ListItem.Label,icons)] | [String.StartsWith(ListItem.FolderPath,special://skin/extras/) + String.IsEqual(ListItem.Label,..)]]">
                    <control type="image">
                        <width>100%</width>
                        <height>100%</height>
                        <texture colordiffuse="$VAR[HighlightColor]">common/white.png</texture>
                    </control>
                    <control type="group">
                        <left>$PARAM[pad]</left>
                        <control type="image">
                            <top>pad</top>
                            <left>pad</left>
                            <width>118</width>
                            <height>118</height>
                            <aspectratio>keep</aspectratio>
<!-- Modification Texture -->                            
                            <texture fallback="fallback.png" background="true">$INFO[ListItem.Icon]</texture>
                        </control>
                        <control type="label">
                            <left>148</left>
                            <right>30</right>
                            <height>100%</height>
                            <textcolor>Selected</textcolor>
                            <font>Font-ListInfo-Small-Bold</font>
                            <aligny>center</aligny>
                            <label>$INFO[ListItem.Label]</label>
							<visible>String.IsEmpty(ListItem.Label2)</visible>
                            <visible>String.IsEmpty(ListItem.Property(character))</visible>
                            <visible>String.IsEmpty(ListItem.Property(job))</visible>
                        </control>
                        <control type="group">
                            <visible>!String.IsEmpty(ListItem.Label2) | !String.IsEmpty(ListItem.Property(character)) | !String.IsEmpty(ListItem.Property(job))</visible>
                            <left>148</left>
                            <right>30</right>
                            <control type="label">
                                <width>100%</width>
                                <top>0</top>
                                <bottom>30%</bottom>
                                <textcolor>Selected</textcolor>
                                <font>Font-ListInfo-Small-Bold</font>
                                <aligny>center</aligny>
                                <label>$INFO[ListItem.Label]</label>
                            </control>
                            <control type="label">
                                <width>100%</width>
                                <top>30%</top>
                                <bottom>0</bottom>
                                <textcolor>Selected</textcolor>
                                <font>Font-ListInfo-Small</font>
                                <aligny>center</aligny>
                                <label>$VAR[Label_ImageList,[CAPITALIZE],[/CAPITALIZE]]</label>
                            </control>
                        </control>
                    </control>
                </focusedlayout>
                <focusedlayout width="139.75" height="138" condition="!$PARAM[noimage] + [[String.StartsWith(ListItem.FolderPath,special://skin/extras/icons/) + !String.IsEqual(ListItem.Label,icons)] | [String.StartsWith(ListItem.FolderPath,special://skin/extras/) + String.IsEqual(ListItem.Label,..)]]">
                    <control type="image">
                        <width>100%</width>
                        <height>100%</height>
                        <texture colordiffuse="$VAR[HighlightColor]">common/white.png</texture>
                    </control>
                    <control type="image">
                        <centerleft>50%</centerleft>
                        <centertop>50%</centertop>
                        <width>118</width>
                        <height>118</height>
                        <aspectratio>keep</aspectratio>
                        <texture background="true">$INFO[ListItem.Icon]</texture>
                    </control>
                </focusedlayout>
            </control>
        </definition>
    </include>
    <!-- List -->
    <include name="Dialog_FileManager_List">
        <param name="numitemsvisible" default="true" />
        <definition>
            <control type="group">
                <width>$PARAM[width]</width>
                <control type="grouplist">
                    <orientation>horizontal</orientation>
                    <top>-48</top>
                    <height>48</height>
                    <width>$PARAM[labelwidth]</width>
                    <usecontrolcoords>true</usecontrolcoords>
                    <control type="label" id="$PARAM[pathid]">
                        <left>0</left>
                        <height>100%</height>
                        <width max="$PARAM[labelwidth]">auto</width>
                        <haspath>true</haspath>
                        <font>Font-ListInfo-Small-Bold</font>
                        <textcolor>LineLabel</textcolor>
                    </control>
                    <control type="image">
                        <bottom>21</bottom>
                        <width max="$PARAM[labelwidth]">auto</width>
                        <height>3</height>
                        <texture colordiffuse="PosterBorder">common/white.png</texture>
                    </control>
                </control>
                <control type="label">
                    <top>-48</top>
                    <height>48</height>
                    <width>100%</width>
                    <align>right</align>
                    <font>Font-ListInfo-Small-Bold</font>
                    <textcolor>LineLabel</textcolor>
                    <label>$INFO[Container($PARAM[id]).NumItems] $LOCALIZE[31001]</label>
                    <visible>$PARAM[numitemsvisible]</visible>
                </control>
                <control type="image">
                    <width>$PARAM[width]</width>
                    <height>height</height>
                    <texture colordiffuse="PosterBorder">common/white.png</texture>
                </control>
                <control type="list" id="$PARAM[id]">
                    <top>0</top>
                    <left>0</left>
                    <width>$PARAM[width]</width>
                    <height>height</height>
                    <onleft>$PARAM[onleft]</onleft>
                    <onright>$PARAM[onright]</onright>
                    <orientation>vertical</orientation>
                    <scrolltime tween="quadratic">400</scrolltime>
                    <itemlayout height="69" width="$PARAM[width]">
                        <control type="label">
                            <left>30</left>
                            <right>30</right>
                            <top>0</top>
                            <height>100%</height>
                            <label>$INFO[ListItem.Label]</label>
                        </control>
                        <control type="label">
                            <left>30</left>
                            <right>30</right>
                            <top>0</top>
                            <height>100%</height>
                            <align>right</align>
                            <font>Font-ListInfo</font>
                            <label>$INFO[ListItem.Label2]</label>
                        </control>
                    </itemlayout>

                    <focusedlayout height="69" width="$PARAM[width]">
                        <control type="image">
                            <width>100%</width>
                            <height>100%</height>
                            <texture colordiffuse="$VAR[HighlightColor]">common/white.png</texture>
                            <animation effect="fade" start="100" end="25" condition="!Control.HasFocus($PARAM[id])">Conditional</animation>
                        </control>
                        <control type="label">
                            <left>30</left>
                            <right>30</right>
                            <top>0</top>
                            <height>100%</height>
                            <label>$INFO[ListItem.Label]</label>
                            <textcolor>Selected</textcolor>
                        </control>
                        <control type="label">
                            <left>30</left>
                            <right>30</right>
                            <top>0</top>
                            <height>100%</height>
                            <align>right</align>
                            <font>Font-ListInfo</font>
                            <label>$INFO[ListItem.Label2]</label>
                            <textcolor>Selected</textcolor>
                        </control>
                    </focusedlayout>
                </control>
            </control>
        </definition>
    </include>
	
	<include name="Dialog_HorizontalContext">
		<defaultcontrol always="true">996</defaultcontrol>
		<coordinates>
			<origin x="0" y="0"/>
		</coordinates>
		<controls>
			<control type="group">
				<include>Dialog_Top</include>
				<include>Dialog_Background</include>
				<include content="Dialog_Top_IconHeader">
					<param name="label" value="$LOCALIZE[31069]" />
					<param name="icon" value="special://skin/extras/icons/settings.png" />
				</include>
				<include content="Dialog_Top_Arrows">
					<param name="id" value="996" />
				</include>
				<control type="image" id="999" />
				<control type="grouplist" id="996">
					<onup>Close</onup>
					<ondown>Close</ondown>
					<include>Dialog_Top_GroupList</include>
					<control type="button" id="2001">
						<include>Defs_OptionButton2</include>
						<label>SimplePlaylists</label>
						<onclick>RunPlugin(plugin://script.simpleplaylists/?mode=addCurrentUrl)</onclick>
						<visible>System.HasAddon(script.simpleplaylists)</visible>
					</control>
					<control type="button" id="2002">
						<include>Defs_OptionButton2</include>
						<label>Library Editor</label>
						<onclick>RunScript(script.libraryeditor,DBID=$INFO[ListItem.DBID])</onclick>
						<visible>System.HasAddon(script.libraryeditor) + !String.IsEmpty(ListItem.DBID)</visible>
					</control>
				</control>
				<control type="button" id="1000">
					<include>Defs_OptionButton2</include>
				</control>
			</control>
		</controls>
	</include>
	
	<include name="Dialog_VerticalContext">
		<defaultcontrol always="true">996</defaultcontrol>	
		<animation type="WindowOpen">
			<effect type="slide" start="0,-50" end="0" time="500" tween="back" easing="out" />
			<effect type="fade" start="0" end="100" time="200" />
		</animation>
		<animation type="WindowClose" reversible="false">
			<effect type="fade" start="100" end="0" time="100" delay="200" />
			<effect type="zoom" start="100" end="130" center="auto" time="200" tween="cubic" easing="in" />
		</animation>	
		<coordinates>
			<top>0</top>
		</coordinates>
		<controls>
			<control type="image" id="999">
				<width>550</width>
				<height>809</height>
				<texture border="25,25,25,25" colordiffuse="DialogBG">common/white.png</texture>
			</control>
			<control type="grouplist" id="996">
				<centerleft>50%</centerleft>
				<posy>25</posy>
				<left>25</left>
				<right>25</right>
				<height min="69" max="759">auto</height>
				<itemgap>0</itemgap>
				<orientation>vertical</orientation>
				<onup>996</onup>
				<ondown>996</ondown>
				<onleft>close</onleft>
				<onright>close</onright>				
				<control type="button" id="1000">
					<width>500</width>
					<include>Defs_OptionButton2</include>
				</control>	
				<control type="button" id="2001">
					<width>500</width>
					<include>Defs_OptionButton2</include>
					<label>SimplePlaylists</label>
					<onclick>RunPlugin(plugin://script.simpleplaylists/?mode=addCurrentUrl)</onclick>
					<visible>System.HasAddon(script.simpleplaylists)</visible>
				</control>
				<control type="button" id="2002">
					<width>500</width>
					<include>Defs_OptionButton2</include>
					<label>Library Editor</label>
					<onclick>RunScript(script.libraryeditor,DBID=$INFO[ListItem.DBID])</onclick>
					<visible>System.HasAddon(script.libraryeditor) + !String.IsEmpty(ListItem.DBID)</visible>
				</control>				
			</control>
		</controls>
	</include>
</includes>