<?xml version="1.0" encoding="UTF-8"?>
<window>
    <backgroundcolor>Background</backgroundcolor>
    <menucontrol>9000</menucontrol>
    <defaultcontrol always="true">50</defaultcontrol>
<!-- Modification Views -->    
    <views>50,57,58,552,56,500,505,51,53,506,507,157,521,525,535,54,502,503,508,509,553</views>
    <onunload>SetProperty(NodeReturn,music,home)</onunload>
    <onunload>SetProperty(HubReturn,$INFO[Container.FolderPath],home)</onunload>
	<onload>ClearProperty(quicknavsetup,home)</onload>
	<onunload>ClearProperty(quicknavsetup,home)</onunload>
    <controls>
        <!-- Background -->
        <include>Furniture_Background</include>
        <include>Furniture_RSS</include>
        <include>Furniture_TopBar</include>     
        <include>ClearLogoMusic</include>
        <include>QuickNav</include>

        <!-- Main group -->
        <control type="group">
            <include>Animation_Common</include>
            <include>Viewtype_SquareList</include>
            <include>Viewtype_BigList</include>
            <include>Viewtype_PanelList</include>			
			<include>Viewtype_PlainList</include>
			<include>Viewtype_Fanart</include>
			<include>Viewtype_Thumbs</include>
            <include>Viewtype_Gallery</include>
            <include condition="!Skin.HasSetting(SkinHelper.View.Disabled.51)">Viewtype_BigIcon</include>
            <include condition="!Skin.HasSetting(SkinHelper.View.Disabled.53)">Viewtype_BigWide</include>
            <include condition="!Skin.HasSetting(SkinHelper.View.Disabled.506)">Viewtype_FanartList</include>
            <include condition="!Skin.HasSetting(SkinHelper.View.Disabled.507)">Viewtype_Posters_List2</include>
            <include condition="!Skin.HasSetting(SkinHelper.View.Disabled.157)">Viewtype_BigWide_Classic</include>
			<include condition="!Skin.HasSetting(SkinHelper.View.Disabled.521)">Viewtype_Lovefilm</include>
			<include condition="!Skin.HasSetting(SkinHelper.View.Disabled.525)">Viewtype_MediumIcon</include>
			<include condition="!Skin.HasSetting(SkinHelper.View.Disabled.535)">Viewtype_ShowCase</include>
			<include condition="!Skin.HasSetting(SkinHelper.View.Disabled.54)">Viewtype_MediaInfo</include>
			<include condition="!Skin.HasSetting(SkinHelper.View.Disabled.502)">Viewtype_MediaInfo2</include>
			<include condition="!Skin.HasSetting(SkinHelper.View.Disabled.503)">Viewtype_MediaInfo3</include>
			<include condition="!Skin.HasSetting(SkinHelper.View.Disabled.508)">Viewtype_InfoList</include>			
			<include condition="!Skin.HasSetting(SkinHelper.View.Disabled.509)">Viewtype_InfoList2</include>
			<include condition="!Skin.HasSetting(SkinHelper.View.Disabled.553)">Viewtype_InfoList3</include>
        </control>

        <!-- Menu -->
        <control type="group">
            <visible allowhiddenfocus="true">ControlGroup(9000).HasFocus()</visible>
            <include>Dialog_Top</include>
            <include>Dialog_Background</include>
            <include content="Dialog_Top_IconHeader">
                <param name="label" value="$LOCALIZE[31068]" />
                <param name="icon" value="special://skin/extras/icons/settings.png" />
            </include>
            <include content="Dialog_Top_Arrows">
                <param name="id" value="9000" />
            </include>

            <control type="grouplist" id="9000">
				<onup>SetProperty(quicknavsetup,1,home)</onup>
				<onup>9987</onup>
                <include>Dialog_Top_GroupList</include>
                <defaultcontrol always="true">3</defaultcontrol>
<!-- Ajout Control -->                
                <control type="button" id="9096">
                    <description>Back to fullscreen</description>
                    <include>Defs_OptionButton2</include>
                    <label>$LOCALIZE[31526]</label>
                    <onclick>fullscreen</onclick>
                    <visible>Player.HasVideo</visible>
                </control>
<!-- Ajout Control -->                
                <control type="button" id="9097">
                    <description>Back to Music Viz</description>
                    <include>Defs_OptionButton2</include>
                    <label>$LOCALIZE[31639]</label>
                    <onclick>fullscreen</onclick>
                    <visible>Player.HasAudio</visible>
                </control>                                 
                <include>Object_BasicViewList</include>
<!-- Ajout Control -->
                <control type="button" id="9003">
                    <include>Defs_OptionButton2</include>
                    <label>13350</label>
                    <onclick>ActivateWindow(videoplaylist)</onclick>
                    <visible>Integer.IsGreater(Playlist.Length(video),1)</visible>
                    <visible>Player.HasVideo</visible>
                </control>                
                <!-- Now Playing -->
                <control type="button" id="9004">
                    <include>Defs_OptionButton2</include>
                    <label>13350</label>
                    <onclick>ActivateWindow(MusicPlaylist)</onclick>
                    <visible>Integer.IsGreater(Playlist.Length(music),0)</visible>
                    <visible>Player.HasAudio</visible>
                </control>
                <!-- Party Mode -->
                <control type="radiobutton" id="16">
                    <include>Defs_OptionButton2</include>
                    <label>589</label>
                    <visible>Control.IsEnabled(16)</visible>
                </control>
                <!-- Update -->
                <control type="button" id="20">
                    <label>653</label>
                    <include>Defs_OptionButton2</include>
                    <onclick>SetFocus(50)</onclick>
                </control>
            </control>

        </control>
    </controls>

</window>